[{"model": "admin.logentry", "pk": 1, "fields": {"action_time": "2025-04-15T16:50:35.524Z", "user": 1, "content_type": 7, "object_id": "1", "object_repr": "ProductCategory object (1)", "action_flag": 1, "change_message": "[{\"added\": {}}]"}}, {"model": "admin.logentry", "pk": 2, "fields": {"action_time": "2025-04-15T16:51:07.842Z", "user": 1, "content_type": 7, "object_id": "1", "object_repr": "ProductCategory object (1)", "action_flag": 2, "change_message": "[{\"changed\": {\"fields\": [\"Name\", \"Description\"]}}]"}}, {"model": "admin.logentry", "pk": 3, "fields": {"action_time": "2025-04-15T16:51:11.433Z", "user": 1, "content_type": 7, "object_id": "1", "object_repr": "ProductCategory object (1)", "action_flag": 2, "change_message": "[]"}}, {"model": "admin.logentry", "pk": 4, "fields": {"action_time": "2025-04-15T17:02:28.987Z", "user": 1, "content_type": 8, "object_id": "1", "object_repr": "Product object (1)", "action_flag": 1, "change_message": "[{\"added\": {}}]"}}, {"model": "admin.logentry", "pk": 5, "fields": {"action_time": "2025-04-17T16:21:07.374Z", "user": 1, "content_type": 7, "object_id": "1", "object_repr": "Хлебобулочные изделия", "action_flag": 2, "change_message": "[{\"changed\": {\"fields\": [\"Name\", \"Description\"]}}]"}}, {"model": "admin.logentry", "pk": 6, "fields": {"action_time": "2025-04-17T16:26:28.366Z", "user": 1, "content_type": 8, "object_id": "1", "object_repr": "Хлеб черный \"Дарницкий\" | Хлебобулочные изделия", "action_flag": 2, "change_message": "[{\"changed\": {\"fields\": [\"Name\", \"Description\", \"Quantity\"]}}]"}}, {"model": "admin.logentry", "pk": 7, "fields": {"action_time": "2025-04-17T16:26:50.942Z", "user": 1, "content_type": 8, "object_id": "1", "object_repr": "Белый хлеб | Хлебобулочные изделия", "action_flag": 2, "change_message": "[{\"changed\": {\"fields\": [\"Name\"]}}]"}}, {"model": "admin.logentry", "pk": 8, "fields": {"action_time": "2025-04-17T16:34:57.687Z", "user": 1, "content_type": 8, "object_id": "2", "object_repr": "Черный хлеб | Хлебобулочные изделия", "action_flag": 1, "change_message": "[{\"added\": {}}]"}}, {"model": "admin.logentry", "pk": 9, "fields": {"action_time": "2025-04-17T16:35:09.173Z", "user": 1, "content_type": 8, "object_id": "1", "object_repr": "Белый хлеб | Хлебобулочные изделия", "action_flag": 2, "change_message": "[{\"changed\": {\"fields\": [\"Image\"]}}]"}}, {"model": "admin.logentry", "pk": 10, "fields": {"action_time": "2025-04-17T16:35:14.774Z", "user": 1, "content_type": 8, "object_id": "1", "object_repr": "Белый хлеб | Хлебобулочные изделия", "action_flag": 2, "change_message": "[{\"changed\": {\"fields\": [\"Price\"]}}]"}}, {"model": "admin.logentry", "pk": 11, "fields": {"action_time": "2025-04-17T16:35:51.830Z", "user": 1, "content_type": 8, "object_id": "3", "object_repr": "Булочки с маком | Хлебобулочные изделия", "action_flag": 1, "change_message": "[{\"added\": {}}]"}}, {"model": "admin.logentry", "pk": 12, "fields": {"action_time": "2025-04-17T17:53:45.636Z", "user": 1, "content_type": 7, "object_id": "2", "object_repr": "Молочная продукция", "action_flag": 1, "change_message": "[{\"added\": {}}]"}}, {"model": "admin.logentry", "pk": 13, "fields": {"action_time": "2025-04-17T17:53:57.440Z", "user": 1, "content_type": 7, "object_id": "3", "object_repr": "Мясная продукция", "action_flag": 1, "change_message": "[{\"added\": {}}]"}}, {"model": "admin.logentry", "pk": 14, "fields": {"action_time": "2025-04-23T12:30:53.913Z", "user": 1, "content_type": 8, "object_id": "4", "object_repr": "Хлеб цельнозерновой без муки | Хлебобулочные изделия", "action_flag": 1, "change_message": "[{\"added\": {}}]"}}, {"model": "admin.logentry", "pk": 15, "fields": {"action_time": "2025-04-23T12:32:04.358Z", "user": 1, "content_type": 8, "object_id": "5", "object_repr": "Батон с отрубями Коломенское | Хлебобулочные изделия", "action_flag": 1, "change_message": "[{\"added\": {}}]"}}, {"model": "admin.logentry", "pk": 16, "fields": {"action_time": "2025-04-23T12:33:09.526Z", "user": 1, "content_type": 8, "object_id": "6", "object_repr": "Хлеб \"Спельта\" цельнозерновой | Хлебобулочные изделия", "action_flag": 1, "change_message": "[{\"added\": {}}]"}}, {"model": "admin.logentry", "pk": 17, "fields": {"action_time": "2025-04-23T12:34:21.367Z", "user": 1, "content_type": 8, "object_id": "7", "object_repr": "Хлеб для вкусного сендвича Harrys | Хлебобулочные изделия", "action_flag": 1, "change_message": "[{\"added\": {}}]"}}, {"model": "admin.logentry", "pk": 18, "fields": {"action_time": "2025-04-23T12:35:11.632Z", "user": 1, "content_type": 8, "object_id": "8", "object_repr": "Хлеб заварной Ржаной край Коломенское | Хлебобулочные изделия", "action_flag": 1, "change_message": "[{\"added\": {}}]"}}, {"model": "admin.logentry", "pk": 19, "fields": {"action_time": "2025-04-23T12:36:06.104Z", "user": 1, "content_type": 8, "object_id": "9", "object_repr": "Хлеб бородинский бездрожжевой | Хлебобулочные изделия", "action_flag": 1, "change_message": "[{\"added\": {}}]"}}, {"model": "admin.logentry", "pk": 20, "fields": {"action_time": "2025-04-23T12:37:01.439Z", "user": 1, "content_type": 8, "object_id": "10", "object_repr": "Хлеб без муки Живое зерно цельнозерновой | Хлебобулочные изделия", "action_flag": 1, "change_message": "[{\"added\": {}}]"}}, {"model": "admin.logentry", "pk": 21, "fields": {"action_time": "2025-04-23T12:38:05.014Z", "user": 1, "content_type": 8, "object_id": "11", "object_repr": "Хлеб покровский Диетичяеский бездрожжевой | Хлебобулочные изделия", "action_flag": 1, "change_message": "[{\"added\": {}}]"}}, {"model": "admin.logentry", "pk": 22, "fields": {"action_time": "2025-04-23T12:38:52.038Z", "user": 1, "content_type": 8, "object_id": "12", "object_repr": "Хлебушек ДЕРЕВЕНСКИЙ Бездрожжевой | Хлебобулочные изделия", "action_flag": 1, "change_message": "[{\"added\": {}}]"}}, {"model": "admin.logentry", "pk": 23, "fields": {"action_time": "2025-04-23T12:39:36.879Z", "user": 1, "content_type": 8, "object_id": "13", "object_repr": "Хлеб зерновой Ржаной край | Хлебобулочные изделия", "action_flag": 1, "change_message": "[{\"added\": {}}]"}}, {"model": "admin.logentry", "pk": 24, "fields": {"action_time": "2025-04-23T12:40:12.623Z", "user": 1, "content_type": 7, "object_id": "4", "object_repr": "Мокоронные изделия", "action_flag": 1, "change_message": "[{\"added\": {}}]"}}, {"model": "admin.logentry", "pk": 25, "fields": {"action_time": "2025-04-23T12:41:01.819Z", "user": 1, "content_type": 7, "object_id": "5", "object_repr": "Консервы", "action_flag": 1, "change_message": "[{\"added\": {}}]"}}, {"model": "admin.logentry", "pk": 26, "fields": {"action_time": "2025-04-23T12:41:08.863Z", "user": 1, "content_type": 7, "object_id": "6", "object_repr": "Овощи", "action_flag": 1, "change_message": "[{\"added\": {}}]"}}, {"model": "admin.logentry", "pk": 27, "fields": {"action_time": "2025-04-23T12:41:14.784Z", "user": 1, "content_type": 7, "object_id": "7", "object_repr": "Фрукты", "action_flag": 1, "change_message": "[{\"added\": {}}]"}}, {"model": "admin.logentry", "pk": 28, "fields": {"action_time": "2025-04-23T12:41:20.794Z", "user": 1, "content_type": 7, "object_id": "8", "object_repr": "Орехи", "action_flag": 1, "change_message": "[{\"added\": {}}]"}}, {"model": "admin.logentry", "pk": 29, "fields": {"action_time": "2025-04-23T12:41:43.203Z", "user": 1, "content_type": 7, "object_id": "9", "object_repr": "Чаи", "action_flag": 1, "change_message": "[{\"added\": {}}]"}}, {"model": "admin.logentry", "pk": 30, "fields": {"action_time": "2025-04-23T12:41:50.006Z", "user": 1, "content_type": 7, "object_id": "10", "object_repr": "Кофе", "action_flag": 1, "change_message": "[{\"added\": {}}]"}}, {"model": "admin.logentry", "pk": 31, "fields": {"action_time": "2025-04-23T12:41:56.135Z", "user": 1, "content_type": 7, "object_id": "11", "object_repr": "Мука", "action_flag": 1, "change_message": "[{\"added\": {}}]"}}, {"model": "admin.logentry", "pk": 32, "fields": {"action_time": "2025-04-23T13:18:04.422Z", "user": 1, "content_type": 7, "object_id": "12", "object_repr": "Ягоды замороженные", "action_flag": 1, "change_message": "[{\"added\": {}}]"}}, {"model": "admin.logentry", "pk": 33, "fields": {"action_time": "2025-04-23T13:18:18.884Z", "user": 1, "content_type": 7, "object_id": "13", "object_repr": "Ягоды свежие", "action_flag": 1, "change_message": "[{\"added\": {}}]"}}, {"model": "admin.logentry", "pk": 34, "fields": {"action_time": "2025-04-23T13:18:29.732Z", "user": 1, "content_type": 7, "object_id": "14", "object_repr": "Конфеты", "action_flag": 1, "change_message": "[{\"added\": {}}]"}}, {"model": "admin.logentry", "pk": 35, "fields": {"action_time": "2025-04-23T13:18:38.496Z", "user": 1, "content_type": 7, "object_id": "15", "object_repr": "Кондитерские изделия", "action_flag": 1, "change_message": "[{\"added\": {}}]"}}, {"model": "admin.logentry", "pk": 36, "fields": {"action_time": "2025-04-23T13:18:52.468Z", "user": 1, "content_type": 7, "object_id": "16", "object_repr": "Газировка", "action_flag": 1, "change_message": "[{\"added\": {}}]"}}, {"model": "admin.logentry", "pk": 37, "fields": {"action_time": "2025-04-23T13:18:57.209Z", "user": 1, "content_type": 7, "object_id": "17", "object_repr": "Пиво", "action_flag": 1, "change_message": "[{\"added\": {}}]"}}, {"model": "admin.logentry", "pk": 38, "fields": {"action_time": "2025-04-23T13:19:10.285Z", "user": 1, "content_type": 7, "object_id": "18", "object_repr": "Водка", "action_flag": 1, "change_message": "[{\"added\": {}}]"}}, {"model": "admin.logentry", "pk": 39, "fields": {"action_time": "2025-04-23T13:19:25.639Z", "user": 1, "content_type": 7, "object_id": "19", "object_repr": "Коньяки", "action_flag": 1, "change_message": "[{\"added\": {}}]"}}, {"model": "admin.logentry", "pk": 40, "fields": {"action_time": "2025-04-23T13:19:37.540Z", "user": 1, "content_type": 7, "object_id": "20", "object_repr": "Винная продукция", "action_flag": 1, "change_message": "[{\"added\": {}}]"}}, {"model": "admin.logentry", "pk": 41, "fields": {"action_time": "2025-04-24T06:25:59.645Z", "user": 1, "content_type": 8, "object_id": "12", "object_repr": "Хлебушек ДЕРЕВЕНСКИЙ Бездрожжевой | Хлебобулочные изделия", "action_flag": 2, "change_message": "[{\"changed\": {\"fields\": [\"Description\", \"Short description\"]}}]"}}, {"model": "admin.logentry", "pk": 42, "fields": {"action_time": "2025-04-24T07:21:21.968Z", "user": 1, "content_type": 8, "object_id": "12", "object_repr": "Хлебушек ДЕРЕВЕНСКИЙ Бездрожжевой  ывфывфывфывфыфывфывфывфывфывфыывфывфывфывфыфывфывфывфывфывфыывфывфывфывфыфывфывфывфывфывфы | Хлебобулочные изделия", "action_flag": 2, "change_message": "[{\"changed\": {\"fields\": [\"Name\"]}}]"}}, {"model": "admin.logentry", "pk": 43, "fields": {"action_time": "2025-04-24T07:21:58.386Z", "user": 1, "content_type": 8, "object_id": "12", "object_repr": "Хлебушек ДЕРЕВЕНСКИЙ Бездрожжевой | Хлебобулочные изделия", "action_flag": 2, "change_message": "[{\"changed\": {\"fields\": [\"Name\"]}}]"}}, {"model": "admin.logentry", "pk": 44, "fields": {"action_time": "2025-04-24T07:26:26.898Z", "user": 1, "content_type": 8, "object_id": "12", "object_repr": "Хлебушек ДЕРЕВЕНСКИЙ Бездрожжевой sadasdsadasdasdasdasdasdasd | Хлебобулочные изделия", "action_flag": 2, "change_message": "[{\"changed\": {\"fields\": [\"Name\"]}}]"}}, {"model": "admin.logentry", "pk": 45, "fields": {"action_time": "2025-04-24T07:32:13.477Z", "user": 1, "content_type": 8, "object_id": "11", "object_repr": "Хлеб покровский Диетичяеский бездрожжевой | Хлебобулочные изделия", "action_flag": 2, "change_message": "[{\"changed\": {\"fields\": [\"Description\"]}}]"}}, {"model": "admin.logentry", "pk": 46, "fields": {"action_time": "2025-04-24T07:32:13.711Z", "user": 1, "content_type": 8, "object_id": "11", "object_repr": "Хлеб покровский Диетичяеский бездрожжевой | Хлебобулочные изделия", "action_flag": 2, "change_message": "[]"}}, {"model": "admin.logentry", "pk": 47, "fields": {"action_time": "2025-04-24T07:33:48.860Z", "user": 1, "content_type": 8, "object_id": "11", "object_repr": "Хлеб покровский Диетичяеский бездрожжевой | Хлебобулочные изделия", "action_flag": 2, "change_message": "[]"}}, {"model": "admin.logentry", "pk": 48, "fields": {"action_time": "2025-04-24T07:34:40.941Z", "user": 1, "content_type": 8, "object_id": "11", "object_repr": "Хлеб покровский Диетичяеский бездрожжевой | Хлебобулочные изделия", "action_flag": 2, "change_message": "[{\"changed\": {\"fields\": [\"Short description\"]}}]"}}, {"model": "admin.logentry", "pk": 49, "fields": {"action_time": "2025-04-24T07:47:24.568Z", "user": 1, "content_type": 8, "object_id": "11", "object_repr": "Хлеб покровский Диетичяеский бездрожжевой | Хлебобулочные изделия", "action_flag": 2, "change_message": "[{\"changed\": {\"fields\": [\"Description\", \"Short description\"]}}]"}}, {"model": "admin.logentry", "pk": 50, "fields": {"action_time": "2025-04-24T07:47:38.122Z", "user": 1, "content_type": 8, "object_id": "12", "object_repr": "Хлебушек ДЕРЕВЕНСКИЙ Бездрожжевой sadasdsadasdasdasdasdasdasd | Хлебобулочные изделия", "action_flag": 2, "change_message": "[{\"changed\": {\"fields\": [\"Description\", \"Short description\"]}}]"}}, {"model": "admin.logentry", "pk": 51, "fields": {"action_time": "2025-04-26T18:32:26.190Z", "user": 1, "content_type": 8, "object_id": "14", "object_repr": "Молоко \"Простоквашино\" 2.5% 1л | Молочная продукция", "action_flag": 1, "change_message": "[{\"added\": {}}]"}}, {"model": "admin.logentry", "pk": 52, "fields": {"action_time": "2025-04-26T18:33:08.969Z", "user": 1, "content_type": 8, "object_id": "15", "object_repr": "Молоко \"Отбороное\" | Молочная продукция", "action_flag": 1, "change_message": "[{\"added\": {}}]"}}, {"model": "admin.logentry", "pk": 53, "fields": {"action_time": "2025-04-26T18:33:51.543Z", "user": 1, "content_type": 8, "object_id": "16", "object_repr": "Молоко \"Коровка\" 2.5% 1л | Молочная продукция", "action_flag": 1, "change_message": "[{\"added\": {}}]"}}, {"model": "admin.logentry", "pk": 54, "fields": {"action_time": "2025-04-26T18:34:28.434Z", "user": 1, "content_type": 8, "object_id": "17", "object_repr": "Молоко \"Чудское озеро\" 2.5% 1л | Молочная продукция", "action_flag": 1, "change_message": "[{\"added\": {}}]"}}, {"model": "admin.logentry", "pk": 55, "fields": {"action_time": "2025-05-20T18:22:26.960Z", "user": 1, "content_type": 9, "object_id": "4", "object_repr": "alex22", "action_flag": 2, "change_message": "[]"}}, {"model": "admin.logentry", "pk": 56, "fields": {"action_time": "2025-05-20T18:22:39.411Z", "user": 1, "content_type": 9, "object_id": "4", "object_repr": "alex22", "action_flag": 2, "change_message": "[{\"changed\": {\"fields\": [\"Image\"]}}]"}}, {"model": "admin.logentry", "pk": 57, "fields": {"action_time": "2025-05-20T18:28:36.075Z", "user": 1, "content_type": 9, "object_id": "4", "object_repr": "alex22", "action_flag": 2, "change_message": "[]"}}, {"model": "admin.logentry", "pk": 58, "fields": {"action_time": "2025-05-20T18:28:43.122Z", "user": 1, "content_type": 9, "object_id": "4", "object_repr": "alex22", "action_flag": 2, "change_message": "[]"}}, {"model": "admin.logentry", "pk": 59, "fields": {"action_time": "2025-05-20T18:28:49.370Z", "user": 1, "content_type": 9, "object_id": "4", "object_repr": "alex22", "action_flag": 2, "change_message": "[]"}}, {"model": "admin.logentry", "pk": 60, "fields": {"action_time": "2025-05-20T18:29:01.481Z", "user": 1, "content_type": 9, "object_id": "4", "object_repr": "alex22", "action_flag": 2, "change_message": "[{\"changed\": {\"fields\": [\"Image\"]}}]"}}, {"model": "admin.logentry", "pk": 61, "fields": {"action_time": "2025-05-22T17:06:13.944Z", "user": 1, "content_type": 10, "object_id": "1", "object_repr": "Корзина для oleg12345678901234567890 | Продукт Хлеб цельнозерновой без муки", "action_flag": 1, "change_message": "[{\"added\": {}}]"}}, {"model": "admin.logentry", "pk": 62, "fields": {"action_time": "2025-05-22T17:06:22.533Z", "user": 1, "content_type": 10, "object_id": "2", "object_repr": "Корзина для oleg12345678901234567890 | Продукт Хлеб бородинский бездрожжевой", "action_flag": 1, "change_message": "[{\"added\": {}}]"}}, {"model": "admin.logentry", "pk": 63, "fields": {"action_time": "2025-05-22T17:06:30.489Z", "user": 1, "content_type": 10, "object_id": "3", "object_repr": "Корзина для oleg12345678901234567890 | Продукт Хлебушек ДЕРЕВЕНСКИЙ Бездрожжевой sadasdsadasdasdasdasdasdasd", "action_flag": 1, "change_message": "[{\"added\": {}}]"}}, {"model": "admin.logentry", "pk": 64, "fields": {"action_time": "2025-05-22T17:07:56.811Z", "user": 1, "content_type": 10, "object_id": "4", "object_repr": "Корзина для oleg12345678901234567890 | Продукт Молоко \"Чудское озеро\" 2.5% 1л", "action_flag": 1, "change_message": "[{\"added\": {}}]"}}, {"model": "admin.logentry", "pk": 65, "fields": {"action_time": "2025-05-22T17:09:32.499Z", "user": 1, "content_type": 10, "object_id": "5", "object_repr": "Корзина для oleg12345678901234567890 | Продукт Молоко \"Коровка\" 2.5% 1л", "action_flag": 1, "change_message": "[{\"added\": {}}]"}}, {"model": "admin.logentry", "pk": 66, "fields": {"action_time": "2025-05-22T17:09:40.391Z", "user": 1, "content_type": 10, "object_id": "6", "object_repr": "Корзина для oleg12345678901234567890 | Продукт Белый хлеб", "action_flag": 1, "change_message": "[{\"added\": {}}]"}}, {"model": "admin.logentry", "pk": 67, "fields": {"action_time": "2025-05-22T17:12:09.861Z", "user": 1, "content_type": 10, "object_id": "7", "object_repr": "Корзина для oleg22 | Продукт Белый хлеб", "action_flag": 1, "change_message": "[{\"added\": {}}]"}}, {"model": "admin.logentry", "pk": 68, "fields": {"action_time": "2025-05-22T17:19:51.529Z", "user": 1, "content_type": 8, "object_id": "4", "object_repr": "Хлеб цельнозерновой без муки | Хлебобулочные изделия", "action_flag": 2, "change_message": "[{\"changed\": {\"fields\": [\"Short description\"]}}]"}}, {"model": "admin.logentry", "pk": 69, "fields": {"action_time": "2025-05-24T16:54:19.228Z", "user": 1, "content_type": 10, "object_id": "8", "object_repr": "Корзина для oleg22 | Продукт Белый хлеб", "action_flag": 1, "change_message": "[{\"added\": {}}]"}}, {"model": "admin.logentry", "pk": 70, "fields": {"action_time": "2025-05-24T18:41:13.842Z", "user": 1, "content_type": 10, "object_id": "7", "object_repr": "Корзина для oleg22 | Продукт Белый хлеб | 9 шт.", "action_flag": 2, "change_message": "[{\"changed\": {\"fields\": [\"Quantity\"]}}]"}}, {"model": "admin.logentry", "pk": 71, "fields": {"action_time": "2025-05-25T17:03:33.590Z", "user": 1, "content_type": 8, "object_id": "17", "object_repr": "Молоко \"Чудское озеро\" 2.5% 1л | Молочная продукция", "action_flag": 2, "change_message": "[{\"changed\": {\"fields\": [\"Quantity\"]}}]"}}, {"model": "admin.logentry", "pk": 72, "fields": {"action_time": "2025-05-25T17:03:45.410Z", "user": 1, "content_type": 8, "object_id": "16", "object_repr": "Молоко \"Коровка\" 2.5% 1л | Молочная продукция", "action_flag": 2, "change_message": "[{\"changed\": {\"fields\": [\"Quantity\"]}}]"}}, {"model": "admin.logentry", "pk": 73, "fields": {"action_time": "2025-05-25T17:03:57.681Z", "user": 1, "content_type": 8, "object_id": "15", "object_repr": "Молоко \"Отбороное\" | Молочная продукция", "action_flag": 2, "change_message": "[{\"changed\": {\"fields\": [\"Quantity\"]}}]"}}, {"model": "admin.logentry", "pk": 74, "fields": {"action_time": "2025-05-25T17:04:06.555Z", "user": 1, "content_type": 8, "object_id": "14", "object_repr": "Молоко \"Простоквашино\" 2.5% 1л | Молочная продукция", "action_flag": 2, "change_message": "[{\"changed\": {\"fields\": [\"Quantity\"]}}]"}}, {"model": "admin.logentry", "pk": 75, "fields": {"action_time": "2025-05-25T17:04:14.813Z", "user": 1, "content_type": 8, "object_id": "13", "object_repr": "Хлеб зерновой Ржаной край | Хлебобулочные изделия", "action_flag": 2, "change_message": "[{\"changed\": {\"fields\": [\"Quantity\"]}}]"}}, {"model": "admin.logentry", "pk": 76, "fields": {"action_time": "2025-05-25T17:04:22.564Z", "user": 1, "content_type": 8, "object_id": "13", "object_repr": "Хлеб зерновой Ржаной край | Хлебобулочные изделия", "action_flag": 2, "change_message": "[]"}}, {"model": "admin.logentry", "pk": 77, "fields": {"action_time": "2025-05-25T17:04:28.516Z", "user": 1, "content_type": 8, "object_id": "13", "object_repr": "Хлеб зерновой Ржаной край | Хлебобулочные изделия", "action_flag": 2, "change_message": "[]"}}, {"model": "admin.logentry", "pk": 78, "fields": {"action_time": "2025-05-25T17:04:34.587Z", "user": 1, "content_type": 8, "object_id": "12", "object_repr": "Хлебушек ДЕРЕВЕНСКИЙ Бездрожжевой sadasdsadasdasdasdasdasdasd | Хлебобулочные изделия", "action_flag": 2, "change_message": "[{\"changed\": {\"fields\": [\"Quantity\"]}}]"}}, {"model": "admin.logentry", "pk": 79, "fields": {"action_time": "2025-05-25T17:04:42.355Z", "user": 1, "content_type": 8, "object_id": "11", "object_repr": "Хлеб покровский Диетичяеский бездрожжевой | Хлебобулочные изделия", "action_flag": 2, "change_message": "[{\"changed\": {\"fields\": [\"Quantity\"]}}]"}}, {"model": "admin.logentry", "pk": 80, "fields": {"action_time": "2025-05-25T17:04:48.983Z", "user": 1, "content_type": 8, "object_id": "10", "object_repr": "Хлеб без муки Живое зерно цельнозерновой | Хлебобулочные изделия", "action_flag": 2, "change_message": "[{\"changed\": {\"fields\": [\"Quantity\"]}}]"}}, {"model": "admin.logentry", "pk": 81, "fields": {"action_time": "2025-05-25T17:04:56.225Z", "user": 1, "content_type": 8, "object_id": "10", "object_repr": "Хлеб без муки Живое зерно цельнозерновой | Хлебобулочные изделия", "action_flag": 2, "change_message": "[]"}}, {"model": "admin.logentry", "pk": 82, "fields": {"action_time": "2025-05-25T17:05:02.362Z", "user": 1, "content_type": 8, "object_id": "9", "object_repr": "Хлеб бородинский бездрожжевой | Хлебобулочные изделия", "action_flag": 2, "change_message": "[{\"changed\": {\"fields\": [\"Quantity\"]}}]"}}, {"model": "admin.logentry", "pk": 83, "fields": {"action_time": "2025-05-25T17:05:09.291Z", "user": 1, "content_type": 8, "object_id": "8", "object_repr": "Хлеб заварной Ржаной край Коломенское | Хлебобулочные изделия", "action_flag": 2, "change_message": "[{\"changed\": {\"fields\": [\"Quantity\"]}}]"}}, {"model": "admin.logentry", "pk": 84, "fields": {"action_time": "2025-05-25T17:05:16.649Z", "user": 1, "content_type": 8, "object_id": "8", "object_repr": "Хлеб заварной Ржаной край Коломенское | Хлебобулочные изделия", "action_flag": 2, "change_message": "[]"}}, {"model": "admin.logentry", "pk": 85, "fields": {"action_time": "2025-05-25T17:05:24.609Z", "user": 1, "content_type": 8, "object_id": "8", "object_repr": "Хлеб заварной Ржаной край Коломенское | Хлебобулочные изделия", "action_flag": 2, "change_message": "[]"}}, {"model": "admin.logentry", "pk": 86, "fields": {"action_time": "2025-05-25T17:05:32.782Z", "user": 1, "content_type": 8, "object_id": "7", "object_repr": "Хлеб для вкусного сендвича Harrys | Хлебобулочные изделия", "action_flag": 2, "change_message": "[{\"changed\": {\"fields\": [\"Quantity\"]}}]"}}, {"model": "admin.logentry", "pk": 87, "fields": {"action_time": "2025-05-25T17:05:39.463Z", "user": 1, "content_type": 8, "object_id": "7", "object_repr": "Хлеб для вкусного сендвича Harrys | Хлебобулочные изделия", "action_flag": 2, "change_message": "[]"}}, {"model": "admin.logentry", "pk": 88, "fields": {"action_time": "2025-05-25T17:05:47.268Z", "user": 1, "content_type": 8, "object_id": "6", "object_repr": "Хлеб \"Спельта\" цельнозерновой | Хлебобулочные изделия", "action_flag": 2, "change_message": "[{\"changed\": {\"fields\": [\"Quantity\"]}}]"}}, {"model": "admin.logentry", "pk": 89, "fields": {"action_time": "2025-05-25T17:05:54.493Z", "user": 1, "content_type": 8, "object_id": "5", "object_repr": "Батон с отрубями Коломенское | Хлебобулочные изделия", "action_flag": 2, "change_message": "[{\"changed\": {\"fields\": [\"Quantity\"]}}]"}}, {"model": "admin.logentry", "pk": 90, "fields": {"action_time": "2025-05-25T17:06:01.909Z", "user": 1, "content_type": 8, "object_id": "4", "object_repr": "Хлеб цельнозерновой без муки | Хлебобулочные изделия", "action_flag": 2, "change_message": "[{\"changed\": {\"fields\": [\"Quantity\"]}}]"}}, {"model": "admin.logentry", "pk": 91, "fields": {"action_time": "2025-05-25T17:06:18.899Z", "user": 1, "content_type": 8, "object_id": "3", "object_repr": "Булочки с маком | Хлебобулочные изделия", "action_flag": 2, "change_message": "[{\"changed\": {\"fields\": [\"Quantity\"]}}]"}}, {"model": "admin.logentry", "pk": 92, "fields": {"action_time": "2025-05-25T17:06:24.885Z", "user": 1, "content_type": 8, "object_id": "2", "object_repr": "Черный хлеб | Хлебобулочные изделия", "action_flag": 2, "change_message": "[{\"changed\": {\"fields\": [\"Quantity\"]}}]"}}, {"model": "admin.logentry", "pk": 93, "fields": {"action_time": "2025-05-25T17:06:29.978Z", "user": 1, "content_type": 8, "object_id": "1", "object_repr": "Белый хлеб | Хлебобулочные изделия", "action_flag": 2, "change_message": "[{\"changed\": {\"fields\": [\"Quantity\"]}}]"}}, {"model": "admin.logentry", "pk": 94, "fields": {"action_time": "2025-05-25T17:06:35.979Z", "user": 1, "content_type": 8, "object_id": "17", "object_repr": "Молоко \"Чудское озеро\" 2.5% 1л | Молочная продукция", "action_flag": 2, "change_message": "[{\"changed\": {\"fields\": [\"Quantity\"]}}]"}}, {"model": "admin.logentry", "pk": 95, "fields": {"action_time": "2025-05-25T17:06:42.090Z", "user": 1, "content_type": 8, "object_id": "16", "object_repr": "Молоко \"Коровка\" 2.5% 1л | Молочная продукция", "action_flag": 2, "change_message": "[{\"changed\": {\"fields\": [\"Quantity\"]}}]"}}, {"model": "admin.logentry", "pk": 96, "fields": {"action_time": "2025-05-25T17:06:46.663Z", "user": 1, "content_type": 8, "object_id": "15", "object_repr": "Молоко \"Отбороное\" | Молочная продукция", "action_flag": 2, "change_message": "[{\"changed\": {\"fields\": [\"Quantity\"]}}]"}}, {"model": "admin.logentry", "pk": 97, "fields": {"action_time": "2025-05-25T17:06:52.482Z", "user": 1, "content_type": 8, "object_id": "14", "object_repr": "Молоко \"Простоквашино\" 2.5% 1л | Молочная продукция", "action_flag": 2, "change_message": "[{\"changed\": {\"fields\": [\"Quantity\"]}}]"}}, {"model": "admin.logentry", "pk": 98, "fields": {"action_time": "2025-05-25T17:06:57.634Z", "user": 1, "content_type": 8, "object_id": "12", "object_repr": "Хлебушек ДЕРЕВЕНСКИЙ Бездрожжевой sadasdsadasdasdasdasdasdasd | Хлебобулочные изделия", "action_flag": 2, "change_message": "[{\"changed\": {\"fields\": [\"Quantity\"]}}]"}}, {"model": "admin.logentry", "pk": 99, "fields": {"action_time": "2025-05-25T17:07:02.868Z", "user": 1, "content_type": 8, "object_id": "14", "object_repr": "Молоко \"Простоквашино\" 2.5% 1л | Молочная продукция", "action_flag": 2, "change_message": "[]"}}, {"model": "admin.logentry", "pk": 100, "fields": {"action_time": "2025-05-25T17:07:08.048Z", "user": 1, "content_type": 8, "object_id": "12", "object_repr": "Хлебушек ДЕРЕВЕНСКИЙ Бездрожжевой sadasdsadasdasdasdasdasdasd | Хлебобулочные изделия", "action_flag": 2, "change_message": "[]"}}, {"model": "admin.logentry", "pk": 101, "fields": {"action_time": "2025-05-25T17:07:12.578Z", "user": 1, "content_type": 8, "object_id": "10", "object_repr": "Хлеб без муки Живое зерно цельнозерновой | Хлебобулочные изделия", "action_flag": 2, "change_message": "[{\"changed\": {\"fields\": [\"Quantity\"]}}]"}}, {"model": "admin.logentry", "pk": 102, "fields": {"action_time": "2025-05-25T17:07:20.658Z", "user": 1, "content_type": 8, "object_id": "9", "object_repr": "Хлеб бородинский бездрожжевой | Хлебобулочные изделия", "action_flag": 2, "change_message": "[{\"changed\": {\"fields\": [\"Quantity\"]}}]"}}, {"model": "admin.logentry", "pk": 103, "fields": {"action_time": "2025-05-25T17:07:28.791Z", "user": 1, "content_type": 8, "object_id": "8", "object_repr": "Хлеб заварной Ржаной край Коломенское | Хлебобулочные изделия", "action_flag": 2, "change_message": "[{\"changed\": {\"fields\": [\"Quantity\"]}}]"}}, {"model": "admin.logentry", "pk": 104, "fields": {"action_time": "2025-05-25T17:07:37.072Z", "user": 1, "content_type": 8, "object_id": "7", "object_repr": "Хлеб для вкусного сендвича Harrys | Хлебобулочные изделия", "action_flag": 2, "change_message": "[{\"changed\": {\"fields\": [\"Quantity\"]}}]"}}, {"model": "admin.logentry", "pk": 105, "fields": {"action_time": "2025-05-25T17:07:44.586Z", "user": 1, "content_type": 8, "object_id": "7", "object_repr": "Хлеб для вкусного сендвича Harrys | Хлебобулочные изделия", "action_flag": 2, "change_message": "[]"}}, {"model": "admin.logentry", "pk": 106, "fields": {"action_time": "2025-05-25T17:07:52.366Z", "user": 1, "content_type": 8, "object_id": "6", "object_repr": "Хлеб \"Спельта\" цельнозерновой | Хлебобулочные изделия", "action_flag": 2, "change_message": "[{\"changed\": {\"fields\": [\"Quantity\"]}}]"}}, {"model": "admin.logentry", "pk": 107, "fields": {"action_time": "2025-05-25T17:08:00.028Z", "user": 1, "content_type": 8, "object_id": "5", "object_repr": "Батон с отрубями Коломенское | Хлебобулочные изделия", "action_flag": 2, "change_message": "[{\"changed\": {\"fields\": [\"Quantity\"]}}]"}}, {"model": "admin.logentry", "pk": 108, "fields": {"action_time": "2025-05-25T17:08:06.151Z", "user": 1, "content_type": 8, "object_id": "4", "object_repr": "Хлеб цельнозерновой без муки | Хлебобулочные изделия", "action_flag": 2, "change_message": "[{\"changed\": {\"fields\": [\"Quantity\"]}}]"}}, {"model": "admin.logentry", "pk": 109, "fields": {"action_time": "2025-05-25T17:08:11.635Z", "user": 1, "content_type": 8, "object_id": "3", "object_repr": "Булочки с маком | Хлебобулочные изделия", "action_flag": 2, "change_message": "[]"}}, {"model": "admin.logentry", "pk": 110, "fields": {"action_time": "2025-05-25T17:08:19.230Z", "user": 1, "content_type": 8, "object_id": "3", "object_repr": "Булочки с маком | Хлебобулочные изделия", "action_flag": 2, "change_message": "[]"}}, {"model": "admin.logentry", "pk": 111, "fields": {"action_time": "2025-05-25T17:35:33.912Z", "user": 1, "content_type": 8, "object_id": "13", "object_repr": "Хлеб зерновой Ржаной край | Хлебобулочные изделия", "action_flag": 2, "change_message": "[{\"changed\": {\"fields\": [\"Quantity\"]}}]"}}, {"model": "admin.logentry", "pk": 112, "fields": {"action_time": "2025-06-04T16:13:25.470Z", "user": 1, "content_type": 8, "object_id": "2", "object_repr": "Черный хлеб | Хлебобулочные изделия", "action_flag": 2, "change_message": "[{\"changed\": {\"fields\": [\"Manufacturer country\"]}}]"}}, {"model": "admin.logentry", "pk": 113, "fields": {"action_time": "2025-06-04T16:44:12.467Z", "user": 1, "content_type": 8, "object_id": "2", "object_repr": "Черный хлеб | Хлебобулочные изделия", "action_flag": 2, "change_message": "[]"}}, {"model": "admin.logentry", "pk": 114, "fields": {"action_time": "2025-06-04T16:44:27.787Z", "user": 1, "content_type": 8, "object_id": "2", "object_repr": "Черный хлеб | Хлебобулочные изделия", "action_flag": 2, "change_message": "[]"}}, {"model": "admin.logentry", "pk": 115, "fields": {"action_time": "2025-06-04T17:34:38.726Z", "user": 1, "content_type": 8, "object_id": "2", "object_repr": "Черный хлеб | Хлебобулочные изделия", "action_flag": 2, "change_message": "[{\"changed\": {\"fields\": [\"\\u041a\\u043a\\u0430\\u043b\", \"\\u041a\\u0414\\u0436\", \"\\u0416\\u0438\\u0440\\u044b\", \"\\u0423\\u0433\\u043b\\u0435\\u0432\\u043e\\u0434\\u044b\", \"\\u0411\\u0435\\u043b\\u043a\\u0438\", \"\\u0411\\u0440\\u0435\\u043d\\u0434\", \"\\u0421\\u0442\\u0440\\u0430\\u043d\\u0430 \\u043f\\u0440\\u043e\\u0438\\u0437\\u0432\\u043e\\u0434\\u0438\\u0442\\u0435\\u043b\\u044c\", \"\\u041f\\u0440\\u043e\\u0438\\u0437\\u0432\\u043e\\u0434\\u0438\\u0442\\u0435\\u043b\\u044c\", \"\\u0421\\u043f\\u0435\\u0446\\u0438\\u0444\\u0438\\u043a\\u0430\\u0446\\u0438\\u044f\", \"\\u0422\\u0438\\u043f \\u0443\\u043f\\u0430\\u043a\\u043e\\u0432\\u043a\\u0438\", \"\\u0422\\u0438\\u043f \\u043c\\u0430\\u0442\\u0435\\u0440\\u0438\\u0430\\u043b\\u0430\", \"\\u0420\\u0430\\u0437\\u043c\\u0435\\u0440\\u044b \\u0428\\u0445\\u0412\\u0445\\u0413\", \"\\u0421\\u043e\\u0441\\u0442\\u0430\\u0432\", \"\\u0423\\u0441\\u043b\\u043e\\u0432\\u0438\\u044f \\u0445\\u0440\\u0430\\u043d\\u0435\\u043d\\u0438\\u044f\", \"\\u0420\\u0435\\u043a\\u043e\\u043c\\u0435\\u043d\\u0434\\u0430\\u0446\\u0438\\u0438\"]}}]"}}, {"model": "admin.logentry", "pk": 116, "fields": {"action_time": "2025-06-04T17:38:07.168Z", "user": 1, "content_type": 8, "object_id": "12", "object_repr": "Хлеб | Хлебобулочные изделия", "action_flag": 2, "change_message": "[{\"changed\": {\"fields\": [\"\\u0418\\u043c\\u044f\", \"\\u041a\\u043a\\u0430\\u043b\", \"\\u041a\\u0414\\u0436\", \"\\u0416\\u0438\\u0440\\u044b\", \"\\u0423\\u0433\\u043b\\u0435\\u0432\\u043e\\u0434\\u044b\", \"\\u0411\\u0435\\u043b\\u043a\\u0438\", \"\\u0411\\u0440\\u0435\\u043d\\u0434\", \"\\u041a\\u0440\\u0430\\u0442\\u043a\\u043e\\u0435 \\u043e\\u043f\\u0438\\u0441\\u0430\\u043d\\u0438\\u0435\", \"\\u0421\\u0442\\u0440\\u0430\\u043d\\u0430 \\u043f\\u0440\\u043e\\u0438\\u0437\\u0432\\u043e\\u0434\\u0438\\u0442\\u0435\\u043b\\u044c\", \"\\u041f\\u0440\\u043e\\u0438\\u0437\\u0432\\u043e\\u0434\\u0438\\u0442\\u0435\\u043b\\u044c\", \"\\u0421\\u043f\\u0435\\u0446\\u0438\\u0444\\u0438\\u043a\\u0430\\u0446\\u0438\\u044f\", \"\\u0422\\u0438\\u043f \\u0443\\u043f\\u0430\\u043a\\u043e\\u0432\\u043a\\u0438\", \"\\u0422\\u0438\\u043f \\u043c\\u0430\\u0442\\u0435\\u0440\\u0438\\u0430\\u043b\\u0430\", \"\\u0420\\u0430\\u0437\\u043c\\u0435\\u0440\\u044b \\u0428\\u0445\\u0412\\u0445\\u0413\", \"\\u0421\\u043e\\u0441\\u0442\\u0430\\u0432\", \"\\u0423\\u0441\\u043b\\u043e\\u0432\\u0438\\u044f \\u0445\\u0440\\u0430\\u043d\\u0435\\u043d\\u0438\\u044f\", \"\\u0420\\u0435\\u043a\\u043e\\u043c\\u0435\\u043d\\u0434\\u0430\\u0446\\u0438\\u0438\"]}}]"}}, {"model": "admin.logentry", "pk": 117, "fields": {"action_time": "2025-06-04T17:38:30.657Z", "user": 1, "content_type": 8, "object_id": "2", "object_repr": "Хлеб | Хлебобулочные изделия", "action_flag": 2, "change_message": "[{\"changed\": {\"fields\": [\"\\u0418\\u043c\\u044f\", \"\\u041a\\u0440\\u0430\\u0442\\u043a\\u043e\\u0435 \\u043e\\u043f\\u0438\\u0441\\u0430\\u043d\\u0438\\u0435\"]}}]"}}, {"model": "admin.logentry", "pk": 118, "fields": {"action_time": "2025-06-04T17:39:26.717Z", "user": 1, "content_type": 8, "object_id": "4", "object_repr": "Хлеб | Хлебобулочные изделия", "action_flag": 2, "change_message": "[{\"changed\": {\"fields\": [\"\\u0418\\u043c\\u044f\", \"\\u041a\\u043a\\u0430\\u043b\", \"\\u041a\\u0414\\u0436\", \"\\u0416\\u0438\\u0440\\u044b\", \"\\u0423\\u0433\\u043b\\u0435\\u0432\\u043e\\u0434\\u044b\", \"\\u0411\\u0435\\u043b\\u043a\\u0438\", \"\\u0411\\u0440\\u0435\\u043d\\u0434\", \"\\u041a\\u0440\\u0430\\u0442\\u043a\\u043e\\u0435 \\u043e\\u043f\\u0438\\u0441\\u0430\\u043d\\u0438\\u0435\", \"\\u0421\\u0442\\u0440\\u0430\\u043d\\u0430 \\u043f\\u0440\\u043e\\u0438\\u0437\\u0432\\u043e\\u0434\\u0438\\u0442\\u0435\\u043b\\u044c\", \"\\u041f\\u0440\\u043e\\u0438\\u0437\\u0432\\u043e\\u0434\\u0438\\u0442\\u0435\\u043b\\u044c\", \"\\u0421\\u043f\\u0435\\u0446\\u0438\\u0444\\u0438\\u043a\\u0430\\u0446\\u0438\\u044f\", \"\\u0422\\u0438\\u043f \\u0443\\u043f\\u0430\\u043a\\u043e\\u0432\\u043a\\u0438\", \"\\u0422\\u0438\\u043f \\u043c\\u0430\\u0442\\u0435\\u0440\\u0438\\u0430\\u043b\\u0430\", \"\\u0420\\u0430\\u0437\\u043c\\u0435\\u0440\\u044b \\u0428\\u0445\\u0412\\u0445\\u0413\", \"\\u0421\\u043e\\u0441\\u0442\\u0430\\u0432\", \"\\u0423\\u0441\\u043b\\u043e\\u0432\\u0438\\u044f \\u0445\\u0440\\u0430\\u043d\\u0435\\u043d\\u0438\\u044f\", \"\\u0420\\u0435\\u043a\\u043e\\u043c\\u0435\\u043d\\u0434\\u0430\\u0446\\u0438\\u0438\"]}}]"}}, {"model": "admin.logentry", "pk": 119, "fields": {"action_time": "2025-06-04T17:40:35.085Z", "user": 1, "content_type": 8, "object_id": "11", "object_repr": "Хлеб | Хлебобулочные изделия", "action_flag": 2, "change_message": "[{\"changed\": {\"fields\": [\"\\u0418\\u043c\\u044f\", \"\\u041a\\u043a\\u0430\\u043b\", \"\\u041a\\u0414\\u0436\", \"\\u0416\\u0438\\u0440\\u044b\", \"\\u0423\\u0433\\u043b\\u0435\\u0432\\u043e\\u0434\\u044b\", \"\\u0411\\u0435\\u043b\\u043a\\u0438\", \"\\u0411\\u0440\\u0435\\u043d\\u0434\", \"\\u041a\\u0440\\u0430\\u0442\\u043a\\u043e\\u0435 \\u043e\\u043f\\u0438\\u0441\\u0430\\u043d\\u0438\\u0435\", \"\\u0421\\u0442\\u0440\\u0430\\u043d\\u0430 \\u043f\\u0440\\u043e\\u0438\\u0437\\u0432\\u043e\\u0434\\u0438\\u0442\\u0435\\u043b\\u044c\", \"\\u041f\\u0440\\u043e\\u0438\\u0437\\u0432\\u043e\\u0434\\u0438\\u0442\\u0435\\u043b\\u044c\", \"\\u0421\\u043f\\u0435\\u0446\\u0438\\u0444\\u0438\\u043a\\u0430\\u0446\\u0438\\u044f\", \"\\u0422\\u0438\\u043f \\u0443\\u043f\\u0430\\u043a\\u043e\\u0432\\u043a\\u0438\", \"\\u0422\\u0438\\u043f \\u043c\\u0430\\u0442\\u0435\\u0440\\u0438\\u0430\\u043b\\u0430\", \"\\u0420\\u0430\\u0437\\u043c\\u0435\\u0440\\u044b \\u0428\\u0445\\u0412\\u0445\\u0413\", \"\\u0421\\u043e\\u0441\\u0442\\u0430\\u0432\", \"\\u0423\\u0441\\u043b\\u043e\\u0432\\u0438\\u044f \\u0445\\u0440\\u0430\\u043d\\u0435\\u043d\\u0438\\u044f\", \"\\u0420\\u0435\\u043a\\u043e\\u043c\\u0435\\u043d\\u0434\\u0430\\u0446\\u0438\\u0438\"]}}]"}}, {"model": "admin.logentry", "pk": 120, "fields": {"action_time": "2025-06-04T17:41:21.025Z", "user": 1, "content_type": 8, "object_id": "13", "object_repr": "Хлеб | Хлебобулочные изделия", "action_flag": 2, "change_message": "[{\"changed\": {\"fields\": [\"\\u0418\\u043c\\u044f\", \"\\u041a\\u043a\\u0430\\u043b\", \"\\u041a\\u0414\\u0436\", \"\\u0416\\u0438\\u0440\\u044b\", \"\\u0423\\u0433\\u043b\\u0435\\u0432\\u043e\\u0434\\u044b\", \"\\u0411\\u0435\\u043b\\u043a\\u0438\", \"\\u0411\\u0440\\u0435\\u043d\\u0434\", \"\\u041a\\u0440\\u0430\\u0442\\u043a\\u043e\\u0435 \\u043e\\u043f\\u0438\\u0441\\u0430\\u043d\\u0438\\u0435\", \"\\u0421\\u0442\\u0440\\u0430\\u043d\\u0430 \\u043f\\u0440\\u043e\\u0438\\u0437\\u0432\\u043e\\u0434\\u0438\\u0442\\u0435\\u043b\\u044c\", \"\\u041f\\u0440\\u043e\\u0438\\u0437\\u0432\\u043e\\u0434\\u0438\\u0442\\u0435\\u043b\\u044c\", \"\\u0421\\u043f\\u0435\\u0446\\u0438\\u0444\\u0438\\u043a\\u0430\\u0446\\u0438\\u044f\", \"\\u0422\\u0438\\u043f \\u0443\\u043f\\u0430\\u043a\\u043e\\u0432\\u043a\\u0438\", \"\\u0422\\u0438\\u043f \\u043c\\u0430\\u0442\\u0435\\u0440\\u0438\\u0430\\u043b\\u0430\", \"\\u0420\\u0430\\u0437\\u043c\\u0435\\u0440\\u044b \\u0428\\u0445\\u0412\\u0445\\u0413\", \"\\u0421\\u043e\\u0441\\u0442\\u0430\\u0432\", \"\\u0423\\u0441\\u043b\\u043e\\u0432\\u0438\\u044f \\u0445\\u0440\\u0430\\u043d\\u0435\\u043d\\u0438\\u044f\", \"\\u0420\\u0435\\u043a\\u043e\\u043c\\u0435\\u043d\\u0434\\u0430\\u0446\\u0438\\u0438\"]}}]"}}, {"model": "admin.logentry", "pk": 121, "fields": {"action_time": "2025-06-04T17:46:52.896Z", "user": 1, "content_type": 8, "object_id": "12", "object_repr": "Хлебушек ДЕРЕВЕНСКИЙ Бездрожжевой | Хлебобулочные изделия", "action_flag": 2, "change_message": "[{\"changed\": {\"fields\": [\"\\u0418\\u043c\\u044f\", \"\\u041a\\u0440\\u0430\\u0442\\u043a\\u043e\\u0435 \\u043e\\u043f\\u0438\\u0441\\u0430\\u043d\\u0438\\u0435\"]}}]"}}, {"model": "admin.logentry", "pk": 122, "fields": {"action_time": "2025-06-04T17:47:04.501Z", "user": 1, "content_type": 8, "object_id": "2", "object_repr": "Хлеб Черный Дарницкий | Хлебобулочные изделия", "action_flag": 2, "change_message": "[{\"changed\": {\"fields\": [\"\\u0418\\u043c\\u044f\", \"\\u041a\\u0440\\u0430\\u0442\\u043a\\u043e\\u0435 \\u043e\\u043f\\u0438\\u0441\\u0430\\u043d\\u0438\\u0435\"]}}]"}}, {"model": "admin.logentry", "pk": 123, "fields": {"action_time": "2025-06-04T17:47:21.716Z", "user": 1, "content_type": 8, "object_id": "4", "object_repr": "Хлеб цельнозерновой без муки | Хлебобулочные изделия", "action_flag": 2, "change_message": "[{\"changed\": {\"fields\": [\"\\u0418\\u043c\\u044f\", \"\\u041a\\u0440\\u0430\\u0442\\u043a\\u043e\\u0435 \\u043e\\u043f\\u0438\\u0441\\u0430\\u043d\\u0438\\u0435\"]}}]"}}, {"model": "admin.logentry", "pk": 124, "fields": {"action_time": "2025-06-04T17:50:04.902Z", "user": 1, "content_type": 8, "object_id": "13", "object_repr": "Хлеб зерновой Ржаной край | Хлебобулочные изделия", "action_flag": 2, "change_message": "[{\"changed\": {\"fields\": [\"\\u0418\\u043c\\u044f\", \"\\u041a\\u0440\\u0430\\u0442\\u043a\\u043e\\u0435 \\u043e\\u043f\\u0438\\u0441\\u0430\\u043d\\u0438\\u0435\", \"\\u0421\\u043f\\u0435\\u0446\\u0438\\u0444\\u0438\\u043a\\u0430\\u0446\\u0438\\u044f\"]}}]"}}, {"model": "admin.logentry", "pk": 125, "fields": {"action_time": "2025-06-04T17:50:21.813Z", "user": 1, "content_type": 8, "object_id": "11", "object_repr": "Хлеб покровский Диетический бездрожжевой | Хлебобулочные изделия", "action_flag": 2, "change_message": "[{\"changed\": {\"fields\": [\"\\u0418\\u043c\\u044f\", \"\\u041a\\u0440\\u0430\\u0442\\u043a\\u043e\\u0435 \\u043e\\u043f\\u0438\\u0441\\u0430\\u043d\\u0438\\u0435\"]}}]"}}, {"model": "admin.logentry", "pk": 126, "fields": {"action_time": "2025-06-04T17:52:38.298Z", "user": 1, "content_type": 8, "object_id": "8", "object_repr": "Хлеб заварной Ржаной край Коломенское | Хлебобулочные изделия", "action_flag": 2, "change_message": "[{\"changed\": {\"fields\": [\"\\u041a\\u043a\\u0430\\u043b\", \"\\u041a\\u0414\\u0436\", \"\\u0416\\u0438\\u0440\\u044b\", \"\\u0423\\u0433\\u043b\\u0435\\u0432\\u043e\\u0434\\u044b\", \"\\u0411\\u0435\\u043b\\u043a\\u0438\", \"\\u0411\\u0440\\u0435\\u043d\\u0434\", \"\\u0421\\u0442\\u0440\\u0430\\u043d\\u0430 \\u043f\\u0440\\u043e\\u0438\\u0437\\u0432\\u043e\\u0434\\u0438\\u0442\\u0435\\u043b\\u044c\", \"\\u041f\\u0440\\u043e\\u0438\\u0437\\u0432\\u043e\\u0434\\u0438\\u0442\\u0435\\u043b\\u044c\", \"\\u0421\\u043f\\u0435\\u0446\\u0438\\u0444\\u0438\\u043a\\u0430\\u0446\\u0438\\u044f\", \"\\u0422\\u0438\\u043f \\u0443\\u043f\\u0430\\u043a\\u043e\\u0432\\u043a\\u0438\", \"\\u0422\\u0438\\u043f \\u043c\\u0430\\u0442\\u0435\\u0440\\u0438\\u0430\\u043b\\u0430\", \"\\u0420\\u0430\\u0437\\u043c\\u0435\\u0440\\u044b \\u0428\\u0445\\u0412\\u0445\\u0413\", \"\\u0421\\u043e\\u0441\\u0442\\u0430\\u0432\", \"\\u0423\\u0441\\u043b\\u043e\\u0432\\u0438\\u044f \\u0445\\u0440\\u0430\\u043d\\u0435\\u043d\\u0438\\u044f\", \"\\u0420\\u0435\\u043a\\u043e\\u043c\\u0435\\u043d\\u0434\\u0430\\u0446\\u0438\\u0438\"]}}]"}}, {"model": "admin.logentry", "pk": 127, "fields": {"action_time": "2025-06-04T17:53:09.524Z", "user": 1, "content_type": 8, "object_id": "12", "object_repr": "Хлебушек ДЕРЕВЕНСКИЙ Бездрожжевой | Хлебобулочные изделия", "action_flag": 2, "change_message": "[{\"changed\": {\"fields\": [\"\\u041a\\u043e\\u043b\\u0438\\u0447\\u0435\\u0441\\u0442\\u0432\\u043e\"]}}]"}}, {"model": "admin.logentry", "pk": 128, "fields": {"action_time": "2025-06-04T17:53:17.123Z", "user": 1, "content_type": 8, "object_id": "4", "object_repr": "Хлеб цельнозерновой без муки | Хлебобулочные изделия", "action_flag": 2, "change_message": "[{\"changed\": {\"fields\": [\"\\u041a\\u043e\\u043b\\u0438\\u0447\\u0435\\u0441\\u0442\\u0432\\u043e\"]}}]"}}, {"model": "admin.logentry", "pk": 129, "fields": {"action_time": "2025-06-04T17:53:29.942Z", "user": 1, "content_type": 8, "object_id": "11", "object_repr": "Хлеб покровский Диетический бездрожжевой | Хлебобулочные изделия", "action_flag": 2, "change_message": "[{\"changed\": {\"fields\": [\"\\u041a\\u043e\\u043b\\u0438\\u0447\\u0435\\u0441\\u0442\\u0432\\u043e\"]}}]"}}, {"model": "admin.logentry", "pk": 130, "fields": {"action_time": "2025-06-04T17:53:39.054Z", "user": 1, "content_type": 8, "object_id": "13", "object_repr": "Хлеб зерновой Ржаной край | Хлебобулочные изделия", "action_flag": 2, "change_message": "[]"}}, {"model": "admin.logentry", "pk": 131, "fields": {"action_time": "2025-06-04T17:53:48.762Z", "user": 1, "content_type": 8, "object_id": "8", "object_repr": "Хлеб заварной Ржаной край Коломенское | Хлебобулочные изделия", "action_flag": 2, "change_message": "[{\"changed\": {\"fields\": [\"\\u041a\\u043e\\u043b\\u0438\\u0447\\u0435\\u0441\\u0442\\u0432\\u043e\"]}}]"}}, {"model": "admin.logentry", "pk": 132, "fields": {"action_time": "2025-06-04T17:54:31.097Z", "user": 1, "content_type": 8, "object_id": "7", "object_repr": "Хлеб для вкусного сендвича Harrys | Хлебобулочные изделия", "action_flag": 2, "change_message": "[{\"changed\": {\"fields\": [\"\\u041a\\u043e\\u043b\\u0438\\u0447\\u0435\\u0441\\u0442\\u0432\\u043e\", \"\\u041a\\u043a\\u0430\\u043b\", \"\\u0416\\u0438\\u0440\\u044b\", \"\\u0423\\u0433\\u043b\\u0435\\u0432\\u043e\\u0434\\u044b\", \"\\u0411\\u0435\\u043b\\u043a\\u0438\", \"\\u0411\\u0440\\u0435\\u043d\\u0434\", \"\\u0421\\u0442\\u0440\\u0430\\u043d\\u0430 \\u043f\\u0440\\u043e\\u0438\\u0437\\u0432\\u043e\\u0434\\u0438\\u0442\\u0435\\u043b\\u044c\", \"\\u041f\\u0440\\u043e\\u0438\\u0437\\u0432\\u043e\\u0434\\u0438\\u0442\\u0435\\u043b\\u044c\", \"\\u0421\\u043f\\u0435\\u0446\\u0438\\u0444\\u0438\\u043a\\u0430\\u0446\\u0438\\u044f\", \"\\u0422\\u0438\\u043f \\u0443\\u043f\\u0430\\u043a\\u043e\\u0432\\u043a\\u0438\", \"\\u0422\\u0438\\u043f \\u043c\\u0430\\u0442\\u0435\\u0440\\u0438\\u0430\\u043b\\u0430\", \"\\u0420\\u0430\\u0437\\u043c\\u0435\\u0440\\u044b \\u0428\\u0445\\u0412\\u0445\\u0413\", \"\\u0421\\u043e\\u0441\\u0442\\u0430\\u0432\", \"\\u0423\\u0441\\u043b\\u043e\\u0432\\u0438\\u044f \\u0445\\u0440\\u0430\\u043d\\u0435\\u043d\\u0438\\u044f\", \"\\u0420\\u0435\\u043a\\u043e\\u043c\\u0435\\u043d\\u0434\\u0430\\u0446\\u0438\\u0438\"]}}]"}}, {"model": "admin.logentry", "pk": 133, "fields": {"action_time": "2025-06-04T17:55:54.741Z", "user": 1, "content_type": 8, "object_id": "9", "object_repr": "Хлеб бородинский бездрожжевой | Хлебобулочные изделия", "action_flag": 2, "change_message": "[{\"changed\": {\"fields\": [\"\\u041a\\u043e\\u043b\\u0438\\u0447\\u0435\\u0441\\u0442\\u0432\\u043e\", \"\\u041a\\u043a\\u0430\\u043b\", \"\\u041a\\u0414\\u0436\", \"\\u0416\\u0438\\u0440\\u044b\", \"\\u0423\\u0433\\u043b\\u0435\\u0432\\u043e\\u0434\\u044b\", \"\\u0411\\u0435\\u043b\\u043a\\u0438\", \"\\u0411\\u0440\\u0435\\u043d\\u0434\", \"\\u0421\\u0442\\u0440\\u0430\\u043d\\u0430 \\u043f\\u0440\\u043e\\u0438\\u0437\\u0432\\u043e\\u0434\\u0438\\u0442\\u0435\\u043b\\u044c\", \"\\u041f\\u0440\\u043e\\u0438\\u0437\\u0432\\u043e\\u0434\\u0438\\u0442\\u0435\\u043b\\u044c\", \"\\u0421\\u043f\\u0435\\u0446\\u0438\\u0444\\u0438\\u043a\\u0430\\u0446\\u0438\\u044f\", \"\\u0422\\u0438\\u043f \\u0443\\u043f\\u0430\\u043a\\u043e\\u0432\\u043a\\u0438\", \"\\u0422\\u0438\\u043f \\u043c\\u0430\\u0442\\u0435\\u0440\\u0438\\u0430\\u043b\\u0430\", \"\\u0420\\u0430\\u0437\\u043c\\u0435\\u0440\\u044b \\u0428\\u0445\\u0412\\u0445\\u0413\", \"\\u0421\\u043e\\u0441\\u0442\\u0430\\u0432\", \"\\u0423\\u0441\\u043b\\u043e\\u0432\\u0438\\u044f \\u0445\\u0440\\u0430\\u043d\\u0435\\u043d\\u0438\\u044f\", \"\\u0420\\u0435\\u043a\\u043e\\u043c\\u0435\\u043d\\u0434\\u0430\\u0446\\u0438\\u0438\"]}}]"}}, {"model": "admin.logentry", "pk": 134, "fields": {"action_time": "2025-06-04T17:56:41.771Z", "user": 1, "content_type": 8, "object_id": "10", "object_repr": "Хлеб без муки Живое зерно цельнозерновой | Хлебобулочные изделия", "action_flag": 2, "change_message": "[{\"changed\": {\"fields\": [\"\\u041a\\u043e\\u043b\\u0438\\u0447\\u0435\\u0441\\u0442\\u0432\\u043e\", \"\\u041a\\u043a\\u0430\\u043b\", \"\\u041a\\u0414\\u0436\", \"\\u0416\\u0438\\u0440\\u044b\", \"\\u0423\\u0433\\u043b\\u0435\\u0432\\u043e\\u0434\\u044b\", \"\\u0411\\u0435\\u043b\\u043a\\u0438\", \"\\u0411\\u0440\\u0435\\u043d\\u0434\", \"\\u0421\\u0442\\u0440\\u0430\\u043d\\u0430 \\u043f\\u0440\\u043e\\u0438\\u0437\\u0432\\u043e\\u0434\\u0438\\u0442\\u0435\\u043b\\u044c\", \"\\u041f\\u0440\\u043e\\u0438\\u0437\\u0432\\u043e\\u0434\\u0438\\u0442\\u0435\\u043b\\u044c\", \"\\u0421\\u043f\\u0435\\u0446\\u0438\\u0444\\u0438\\u043a\\u0430\\u0446\\u0438\\u044f\", \"\\u0422\\u0438\\u043f \\u0443\\u043f\\u0430\\u043a\\u043e\\u0432\\u043a\\u0438\", \"\\u0422\\u0438\\u043f \\u043c\\u0430\\u0442\\u0435\\u0440\\u0438\\u0430\\u043b\\u0430\", \"\\u0420\\u0430\\u0437\\u043c\\u0435\\u0440\\u044b \\u0428\\u0445\\u0412\\u0445\\u0413\", \"\\u0421\\u043e\\u0441\\u0442\\u0430\\u0432\", \"\\u0423\\u0441\\u043b\\u043e\\u0432\\u0438\\u044f \\u0445\\u0440\\u0430\\u043d\\u0435\\u043d\\u0438\\u044f\", \"\\u0420\\u0435\\u043a\\u043e\\u043c\\u0435\\u043d\\u0434\\u0430\\u0446\\u0438\\u0438\"]}}]"}}, {"model": "admin.logentry", "pk": 135, "fields": {"action_time": "2025-06-04T17:56:54.837Z", "user": 1, "content_type": 8, "object_id": "2", "object_repr": "Хлеб Черный Дарницкий | Хлебобулочные изделия", "action_flag": 2, "change_message": "[{\"changed\": {\"fields\": [\"\\u041a\\u043e\\u043b\\u0438\\u0447\\u0435\\u0441\\u0442\\u0432\\u043e\"]}}]"}}, {"model": "admin.logentry", "pk": 136, "fields": {"action_time": "2025-06-04T17:57:30.715Z", "user": 1, "content_type": 8, "object_id": "6", "object_repr": "Хлеб \"Спельта\" цельнозерновой | Хлебобулочные изделия", "action_flag": 2, "change_message": "[{\"changed\": {\"fields\": [\"\\u041a\\u043e\\u043b\\u0438\\u0447\\u0435\\u0441\\u0442\\u0432\\u043e\", \"\\u041a\\u043a\\u0430\\u043b\", \"\\u041a\\u0414\\u0436\", \"\\u0416\\u0438\\u0440\\u044b\", \"\\u0423\\u0433\\u043b\\u0435\\u0432\\u043e\\u0434\\u044b\", \"\\u0411\\u0435\\u043b\\u043a\\u0438\", \"\\u0411\\u0440\\u0435\\u043d\\u0434\", \"\\u0421\\u0442\\u0440\\u0430\\u043d\\u0430 \\u043f\\u0440\\u043e\\u0438\\u0437\\u0432\\u043e\\u0434\\u0438\\u0442\\u0435\\u043b\\u044c\", \"\\u041f\\u0440\\u043e\\u0438\\u0437\\u0432\\u043e\\u0434\\u0438\\u0442\\u0435\\u043b\\u044c\", \"\\u0421\\u043f\\u0435\\u0446\\u0438\\u0444\\u0438\\u043a\\u0430\\u0446\\u0438\\u044f\", \"\\u0422\\u0438\\u043f \\u0443\\u043f\\u0430\\u043a\\u043e\\u0432\\u043a\\u0438\", \"\\u0422\\u0438\\u043f \\u043c\\u0430\\u0442\\u0435\\u0440\\u0438\\u0430\\u043b\\u0430\", \"\\u0420\\u0430\\u0437\\u043c\\u0435\\u0440\\u044b \\u0428\\u0445\\u0412\\u0445\\u0413\", \"\\u0421\\u043e\\u0441\\u0442\\u0430\\u0432\", \"\\u0423\\u0441\\u043b\\u043e\\u0432\\u0438\\u044f \\u0445\\u0440\\u0430\\u043d\\u0435\\u043d\\u0438\\u044f\", \"\\u0420\\u0435\\u043a\\u043e\\u043c\\u0435\\u043d\\u0434\\u0430\\u0446\\u0438\\u0438\"]}}]"}}, {"model": "admin.logentry", "pk": 137, "fields": {"action_time": "2025-06-04T17:58:25.929Z", "user": 1, "content_type": 8, "object_id": "17", "object_repr": "Молоко \"Чудское озеро\" 2.5% 1л | Молочная продукция", "action_flag": 2, "change_message": "[{\"changed\": {\"fields\": [\"\\u041a\\u043e\\u043b\\u0438\\u0447\\u0435\\u0441\\u0442\\u0432\\u043e\", \"\\u041a\\u043a\\u0430\\u043b\", \"\\u041a\\u0414\\u0436\", \"\\u0416\\u0438\\u0440\\u044b\", \"\\u0423\\u0433\\u043b\\u0435\\u0432\\u043e\\u0434\\u044b\", \"\\u0411\\u0435\\u043b\\u043a\\u0438\", \"\\u0411\\u0440\\u0435\\u043d\\u0434\", \"\\u0421\\u0442\\u0440\\u0430\\u043d\\u0430 \\u043f\\u0440\\u043e\\u0438\\u0437\\u0432\\u043e\\u0434\\u0438\\u0442\\u0435\\u043b\\u044c\", \"\\u041f\\u0440\\u043e\\u0438\\u0437\\u0432\\u043e\\u0434\\u0438\\u0442\\u0435\\u043b\\u044c\", \"\\u0421\\u043f\\u0435\\u0446\\u0438\\u0444\\u0438\\u043a\\u0430\\u0446\\u0438\\u044f\", \"\\u0422\\u0438\\u043f \\u0443\\u043f\\u0430\\u043a\\u043e\\u0432\\u043a\\u0438\", \"\\u0422\\u0438\\u043f \\u043c\\u0430\\u0442\\u0435\\u0440\\u0438\\u0430\\u043b\\u0430\", \"\\u0420\\u0430\\u0437\\u043c\\u0435\\u0440\\u044b \\u0428\\u0445\\u0412\\u0445\\u0413\", \"\\u0421\\u043e\\u0441\\u0442\\u0430\\u0432\", \"\\u0423\\u0441\\u043b\\u043e\\u0432\\u0438\\u044f \\u0445\\u0440\\u0430\\u043d\\u0435\\u043d\\u0438\\u044f\", \"\\u0420\\u0435\\u043a\\u043e\\u043c\\u0435\\u043d\\u0434\\u0430\\u0446\\u0438\\u0438\"]}}]"}}, {"model": "admin.logentry", "pk": 138, "fields": {"action_time": "2025-06-04T17:59:42.823Z", "user": 1, "content_type": 8, "object_id": "14", "object_repr": "Молоко \"Простоквашино\" 2.5% 1л | Молочная продукция", "action_flag": 2, "change_message": "[{\"changed\": {\"fields\": [\"\\u041a\\u043a\\u0430\\u043b\", \"\\u041a\\u0414\\u0436\", \"\\u0416\\u0438\\u0440\\u044b\", \"\\u0423\\u0433\\u043b\\u0435\\u0432\\u043e\\u0434\\u044b\", \"\\u0411\\u0435\\u043b\\u043a\\u0438\", \"\\u0411\\u0440\\u0435\\u043d\\u0434\", \"\\u0421\\u0442\\u0440\\u0430\\u043d\\u0430 \\u043f\\u0440\\u043e\\u0438\\u0437\\u0432\\u043e\\u0434\\u0438\\u0442\\u0435\\u043b\\u044c\", \"\\u041f\\u0440\\u043e\\u0438\\u0437\\u0432\\u043e\\u0434\\u0438\\u0442\\u0435\\u043b\\u044c\", \"\\u0421\\u043f\\u0435\\u0446\\u0438\\u0444\\u0438\\u043a\\u0430\\u0446\\u0438\\u044f\", \"\\u0422\\u0438\\u043f \\u0443\\u043f\\u0430\\u043a\\u043e\\u0432\\u043a\\u0438\", \"\\u0422\\u0438\\u043f \\u043c\\u0430\\u0442\\u0435\\u0440\\u0438\\u0430\\u043b\\u0430\", \"\\u0420\\u0430\\u0437\\u043c\\u0435\\u0440\\u044b \\u0428\\u0445\\u0412\\u0445\\u0413\", \"\\u0421\\u043e\\u0441\\u0442\\u0430\\u0432\", \"\\u0423\\u0441\\u043b\\u043e\\u0432\\u0438\\u044f \\u0445\\u0440\\u0430\\u043d\\u0435\\u043d\\u0438\\u044f\", \"\\u0420\\u0435\\u043a\\u043e\\u043c\\u0435\\u043d\\u0434\\u0430\\u0446\\u0438\\u0438\"]}}]"}}, {"model": "admin.logentry", "pk": 139, "fields": {"action_time": "2025-06-04T18:00:07.430Z", "user": 1, "content_type": 8, "object_id": "14", "object_repr": "Молоко \"Простоквашино\" 2.5% 1л | Молочная продукция", "action_flag": 2, "change_message": "[{\"changed\": {\"fields\": [\"\\u041a\\u043e\\u043b\\u0438\\u0447\\u0435\\u0441\\u0442\\u0432\\u043e\", \"\\u0411\\u0440\\u0435\\u043d\\u0434\"]}}]"}}, {"model": "admin.logentry", "pk": 140, "fields": {"action_time": "2025-06-04T18:01:35.217Z", "user": 1, "content_type": 8, "object_id": "15", "object_repr": "Молоко \"Отбороное\" | Молочная продукция", "action_flag": 2, "change_message": "[{\"changed\": {\"fields\": [\"\\u041a\\u043e\\u043b\\u0438\\u0447\\u0435\\u0441\\u0442\\u0432\\u043e\", \"\\u041a\\u043a\\u0430\\u043b\", \"\\u041a\\u0414\\u0436\", \"\\u0416\\u0438\\u0440\\u044b\", \"\\u0423\\u0433\\u043b\\u0435\\u0432\\u043e\\u0434\\u044b\", \"\\u0411\\u0435\\u043b\\u043a\\u0438\", \"\\u0411\\u0440\\u0435\\u043d\\u0434\", \"\\u0421\\u0442\\u0440\\u0430\\u043d\\u0430 \\u043f\\u0440\\u043e\\u0438\\u0437\\u0432\\u043e\\u0434\\u0438\\u0442\\u0435\\u043b\\u044c\", \"\\u041f\\u0440\\u043e\\u0438\\u0437\\u0432\\u043e\\u0434\\u0438\\u0442\\u0435\\u043b\\u044c\", \"\\u0421\\u043f\\u0435\\u0446\\u0438\\u0444\\u0438\\u043a\\u0430\\u0446\\u0438\\u044f\", \"\\u0422\\u0438\\u043f \\u0443\\u043f\\u0430\\u043a\\u043e\\u0432\\u043a\\u0438\", \"\\u0422\\u0438\\u043f \\u043c\\u0430\\u0442\\u0435\\u0440\\u0438\\u0430\\u043b\\u0430\", \"\\u0420\\u0430\\u0437\\u043c\\u0435\\u0440\\u044b \\u0428\\u0445\\u0412\\u0445\\u0413\", \"\\u0421\\u043e\\u0441\\u0442\\u0430\\u0432\", \"\\u0423\\u0441\\u043b\\u043e\\u0432\\u0438\\u044f \\u0445\\u0440\\u0430\\u043d\\u0435\\u043d\\u0438\\u044f\", \"\\u0420\\u0435\\u043a\\u043e\\u043c\\u0435\\u043d\\u0434\\u0430\\u0446\\u0438\\u0438\"]}}]"}}, {"model": "admin.logentry", "pk": 141, "fields": {"action_time": "2025-06-04T18:03:07.986Z", "user": 1, "content_type": 8, "object_id": "16", "object_repr": "Молоко \"Коровка\" 2.5% 1л | Молочная продукция", "action_flag": 2, "change_message": "[{\"changed\": {\"fields\": [\"\\u041a\\u043e\\u043b\\u0438\\u0447\\u0435\\u0441\\u0442\\u0432\\u043e\", \"\\u041a\\u043a\\u0430\\u043b\", \"\\u041a\\u0414\\u0436\", \"\\u0416\\u0438\\u0440\\u044b\", \"\\u0423\\u0433\\u043b\\u0435\\u0432\\u043e\\u0434\\u044b\", \"\\u0411\\u0435\\u043b\\u043a\\u0438\", \"\\u0411\\u0440\\u0435\\u043d\\u0434\", \"\\u0421\\u0442\\u0440\\u0430\\u043d\\u0430 \\u043f\\u0440\\u043e\\u0438\\u0437\\u0432\\u043e\\u0434\\u0438\\u0442\\u0435\\u043b\\u044c\", \"\\u041f\\u0440\\u043e\\u0438\\u0437\\u0432\\u043e\\u0434\\u0438\\u0442\\u0435\\u043b\\u044c\", \"\\u0421\\u043f\\u0435\\u0446\\u0438\\u0444\\u0438\\u043a\\u0430\\u0446\\u0438\\u044f\", \"\\u0422\\u0438\\u043f \\u0443\\u043f\\u0430\\u043a\\u043e\\u0432\\u043a\\u0438\", \"\\u0422\\u0438\\u043f \\u043c\\u0430\\u0442\\u0435\\u0440\\u0438\\u0430\\u043b\\u0430\", \"\\u0420\\u0430\\u0437\\u043c\\u0435\\u0440\\u044b \\u0428\\u0445\\u0412\\u0445\\u0413\", \"\\u0421\\u043e\\u0441\\u0442\\u0430\\u0432\", \"\\u0423\\u0441\\u043b\\u043e\\u0432\\u0438\\u044f \\u0445\\u0440\\u0430\\u043d\\u0435\\u043d\\u0438\\u044f\", \"\\u0420\\u0435\\u043a\\u043e\\u043c\\u0435\\u043d\\u0434\\u0430\\u0446\\u0438\\u0438\"]}}]"}}, {"model": "admin.logentry", "pk": 142, "fields": {"action_time": "2025-06-04T18:04:57.462Z", "user": 1, "content_type": 8, "object_id": "3", "object_repr": "Булочки с маком | Хлебобулочные изделия", "action_flag": 2, "change_message": "[{\"changed\": {\"fields\": [\"\\u041a\\u043e\\u043b\\u0438\\u0447\\u0435\\u0441\\u0442\\u0432\\u043e\", \"\\u041a\\u043a\\u0430\\u043b\", \"\\u041a\\u0414\\u0436\", \"\\u0416\\u0438\\u0440\\u044b\", \"\\u0423\\u0433\\u043b\\u0435\\u0432\\u043e\\u0434\\u044b\", \"\\u0411\\u0435\\u043b\\u043a\\u0438\", \"\\u0411\\u0440\\u0435\\u043d\\u0434\", \"\\u0421\\u0442\\u0440\\u0430\\u043d\\u0430 \\u043f\\u0440\\u043e\\u0438\\u0437\\u0432\\u043e\\u0434\\u0438\\u0442\\u0435\\u043b\\u044c\", \"\\u041f\\u0440\\u043e\\u0438\\u0437\\u0432\\u043e\\u0434\\u0438\\u0442\\u0435\\u043b\\u044c\", \"\\u0421\\u043f\\u0435\\u0446\\u0438\\u0444\\u0438\\u043a\\u0430\\u0446\\u0438\\u044f\", \"\\u0422\\u0438\\u043f \\u0443\\u043f\\u0430\\u043a\\u043e\\u0432\\u043a\\u0438\", \"\\u0422\\u0438\\u043f \\u043c\\u0430\\u0442\\u0435\\u0440\\u0438\\u0430\\u043b\\u0430\", \"\\u0420\\u0430\\u0437\\u043c\\u0435\\u0440\\u044b \\u0428\\u0445\\u0412\\u0445\\u0413\", \"\\u0421\\u043e\\u0441\\u0442\\u0430\\u0432\", \"\\u0423\\u0441\\u043b\\u043e\\u0432\\u0438\\u044f \\u0445\\u0440\\u0430\\u043d\\u0435\\u043d\\u0438\\u044f\", \"\\u0420\\u0435\\u043a\\u043e\\u043c\\u0435\\u043d\\u0434\\u0430\\u0446\\u0438\\u0438\"]}}]"}}, {"model": "admin.logentry", "pk": 143, "fields": {"action_time": "2025-06-04T18:06:28.730Z", "user": 1, "content_type": 8, "object_id": "1", "object_repr": "Белый хлеб | Хлебобулочные изделия", "action_flag": 2, "change_message": "[{\"changed\": {\"fields\": [\"\\u041a\\u043e\\u043b\\u0438\\u0447\\u0435\\u0441\\u0442\\u0432\\u043e\", \"\\u041a\\u043a\\u0430\\u043b\", \"\\u041a\\u0414\\u0436\", \"\\u0416\\u0438\\u0440\\u044b\", \"\\u0423\\u0433\\u043b\\u0435\\u0432\\u043e\\u0434\\u044b\", \"\\u0411\\u0435\\u043b\\u043a\\u0438\", \"\\u0411\\u0440\\u0435\\u043d\\u0434\", \"\\u0421\\u0442\\u0440\\u0430\\u043d\\u0430 \\u043f\\u0440\\u043e\\u0438\\u0437\\u0432\\u043e\\u0434\\u0438\\u0442\\u0435\\u043b\\u044c\", \"\\u041f\\u0440\\u043e\\u0438\\u0437\\u0432\\u043e\\u0434\\u0438\\u0442\\u0435\\u043b\\u044c\", \"\\u0421\\u043f\\u0435\\u0446\\u0438\\u0444\\u0438\\u043a\\u0430\\u0446\\u0438\\u044f\", \"\\u0422\\u0438\\u043f \\u0443\\u043f\\u0430\\u043a\\u043e\\u0432\\u043a\\u0438\", \"\\u0422\\u0438\\u043f \\u043c\\u0430\\u0442\\u0435\\u0440\\u0438\\u0430\\u043b\\u0430\", \"\\u0420\\u0430\\u0437\\u043c\\u0435\\u0440\\u044b \\u0428\\u0445\\u0412\\u0445\\u0413\", \"\\u0421\\u043e\\u0441\\u0442\\u0430\\u0432\", \"\\u0423\\u0441\\u043b\\u043e\\u0432\\u0438\\u044f \\u0445\\u0440\\u0430\\u043d\\u0435\\u043d\\u0438\\u044f\", \"\\u0420\\u0435\\u043a\\u043e\\u043c\\u0435\\u043d\\u0434\\u0430\\u0446\\u0438\\u0438\"]}}]"}}, {"model": "admin.logentry", "pk": 144, "fields": {"action_time": "2025-06-04T18:07:41.241Z", "user": 1, "content_type": 8, "object_id": "5", "object_repr": "Батон с отрубями Коломенское | Хлебобулочные изделия", "action_flag": 2, "change_message": "[{\"changed\": {\"fields\": [\"\\u041a\\u043e\\u043b\\u0438\\u0447\\u0435\\u0441\\u0442\\u0432\\u043e\", \"\\u041a\\u043a\\u0430\\u043b\", \"\\u041a\\u0414\\u0436\", \"\\u0416\\u0438\\u0440\\u044b\", \"\\u0423\\u0433\\u043b\\u0435\\u0432\\u043e\\u0434\\u044b\", \"\\u0411\\u0435\\u043b\\u043a\\u0438\", \"\\u0411\\u0440\\u0435\\u043d\\u0434\", \"\\u0421\\u0442\\u0440\\u0430\\u043d\\u0430 \\u043f\\u0440\\u043e\\u0438\\u0437\\u0432\\u043e\\u0434\\u0438\\u0442\\u0435\\u043b\\u044c\", \"\\u041f\\u0440\\u043e\\u0438\\u0437\\u0432\\u043e\\u0434\\u0438\\u0442\\u0435\\u043b\\u044c\", \"\\u0421\\u043f\\u0435\\u0446\\u0438\\u0444\\u0438\\u043a\\u0430\\u0446\\u0438\\u044f\", \"\\u0422\\u0438\\u043f \\u0443\\u043f\\u0430\\u043a\\u043e\\u0432\\u043a\\u0438\", \"\\u0422\\u0438\\u043f \\u043c\\u0430\\u0442\\u0435\\u0440\\u0438\\u0430\\u043b\\u0430\", \"\\u0420\\u0430\\u0437\\u043c\\u0435\\u0440\\u044b \\u0428\\u0445\\u0412\\u0445\\u0413\", \"\\u0421\\u043e\\u0441\\u0442\\u0430\\u0432\", \"\\u0423\\u0441\\u043b\\u043e\\u0432\\u0438\\u044f \\u0445\\u0440\\u0430\\u043d\\u0435\\u043d\\u0438\\u044f\", \"\\u0420\\u0435\\u043a\\u043e\\u043c\\u0435\\u043d\\u0434\\u0430\\u0446\\u0438\\u0438\"]}}]"}}, {"model": "admin.logentry", "pk": 145, "fields": {"action_time": "2025-06-04T18:16:53.305Z", "user": 1, "content_type": 8, "object_id": "12", "object_repr": "Хлебушек ДЕРЕВЕНСКИЙ Бездрожжевой | Хлебобулочные изделия", "action_flag": 2, "change_message": "[{\"changed\": {\"fields\": [\"\\u041a\\u043e\\u043b\\u0438\\u0447\\u0435\\u0441\\u0442\\u0432\\u043e\", \"\\u0411\\u0440\\u0435\\u043d\\u0434\"]}}]"}}, {"model": "admin.logentry", "pk": 146, "fields": {"action_time": "2025-06-04T18:17:14.272Z", "user": 1, "content_type": 8, "object_id": "4", "object_repr": "Хлеб цельнозерновой без муки | Хлебобулочные изделия", "action_flag": 2, "change_message": "[{\"changed\": {\"fields\": [\"\\u041a\\u043e\\u043b\\u0438\\u0447\\u0435\\u0441\\u0442\\u0432\\u043e\", \"\\u0411\\u0440\\u0435\\u043d\\u0434\"]}}]"}}, {"model": "admin.logentry", "pk": 147, "fields": {"action_time": "2025-06-04T18:17:26.977Z", "user": 1, "content_type": 8, "object_id": "11", "object_repr": "Хлеб покровский Диетический бездрожжевой | Хлебобулочные изделия", "action_flag": 2, "change_message": "[{\"changed\": {\"fields\": [\"\\u0411\\u0440\\u0435\\u043d\\u0434\"]}}]"}}, {"model": "admin.logentry", "pk": 148, "fields": {"action_time": "2025-06-04T18:17:57.699Z", "user": 1, "content_type": 8, "object_id": "8", "object_repr": "Хлеб заварной Ржаной край Коломенское | Хлебобулочные изделия", "action_flag": 2, "change_message": "[{\"changed\": {\"fields\": [\"\\u041a\\u043e\\u043b\\u0438\\u0447\\u0435\\u0441\\u0442\\u0432\\u043e\", \"\\u0411\\u0440\\u0435\\u043d\\u0434\", \"\\u041f\\u0440\\u043e\\u0438\\u0437\\u0432\\u043e\\u0434\\u0438\\u0442\\u0435\\u043b\\u044c\"]}}]"}}, {"model": "admin.logentry", "pk": 149, "fields": {"action_time": "2025-06-04T18:18:09.511Z", "user": 1, "content_type": 8, "object_id": "4", "object_repr": "Хлеб цельнозерновой без муки | Хлебобулочные изделия", "action_flag": 2, "change_message": "[{\"changed\": {\"fields\": [\"\\u041f\\u0440\\u043e\\u0438\\u0437\\u0432\\u043e\\u0434\\u0438\\u0442\\u0435\\u043b\\u044c\"]}}]"}}, {"model": "admin.logentry", "pk": 150, "fields": {"action_time": "2025-06-04T18:18:22.375Z", "user": 1, "content_type": 8, "object_id": "12", "object_repr": "Хлебушек ДЕРЕВЕНСКИЙ Бездрожжевой | Хлебобулочные изделия", "action_flag": 2, "change_message": "[{\"changed\": {\"fields\": [\"\\u041f\\u0440\\u043e\\u0438\\u0437\\u0432\\u043e\\u0434\\u0438\\u0442\\u0435\\u043b\\u044c\"]}}]"}}, {"model": "admin.logentry", "pk": 151, "fields": {"action_time": "2025-06-04T18:18:51.929Z", "user": 1, "content_type": 8, "object_id": "10", "object_repr": "Хлеб без муки Живое зерно цельнозерновой | Хлебобулочные изделия", "action_flag": 2, "change_message": "[{\"changed\": {\"fields\": [\"\\u041a\\u043e\\u043b\\u0438\\u0447\\u0435\\u0441\\u0442\\u0432\\u043e\", \"\\u0411\\u0440\\u0435\\u043d\\u0434\", \"\\u041f\\u0440\\u043e\\u0438\\u0437\\u0432\\u043e\\u0434\\u0438\\u0442\\u0435\\u043b\\u044c\"]}}]"}}, {"model": "admin.logentry", "pk": 152, "fields": {"action_time": "2025-06-04T18:19:20.482Z", "user": 1, "content_type": 8, "object_id": "17", "object_repr": "Молоко \"Чудское озеро\" 2.5% 1л | Молочная продукция", "action_flag": 2, "change_message": "[{\"changed\": {\"fields\": [\"\\u0411\\u0440\\u0435\\u043d\\u0434\", \"\\u041f\\u0440\\u043e\\u0438\\u0437\\u0432\\u043e\\u0434\\u0438\\u0442\\u0435\\u043b\\u044c\"]}}]"}}, {"model": "admin.logentry", "pk": 153, "fields": {"action_time": "2025-06-04T18:19:33.674Z", "user": 1, "content_type": 8, "object_id": "16", "object_repr": "Молоко \"Коровка\" 2.5% 1л | Молочная продукция", "action_flag": 2, "change_message": "[{\"changed\": {\"fields\": [\"\\u041f\\u0440\\u043e\\u0438\\u0437\\u0432\\u043e\\u0434\\u0438\\u0442\\u0435\\u043b\\u044c\"]}}]"}}, {"model": "admin.logentry", "pk": 154, "fields": {"action_time": "2025-06-04T18:19:53.680Z", "user": 1, "content_type": 8, "object_id": "7", "object_repr": "Хлеб для вкусного сендвича Harrys | Хлебобулочные изделия", "action_flag": 2, "change_message": "[{\"changed\": {\"fields\": [\"\\u0411\\u0440\\u0435\\u043d\\u0434\", \"\\u041f\\u0440\\u043e\\u0438\\u0437\\u0432\\u043e\\u0434\\u0438\\u0442\\u0435\\u043b\\u044c\"]}}]"}}, {"model": "auth.permission", "pk": 1, "fields": {"name": "Can add log entry", "content_type": 1, "codename": "add_logentry"}}, {"model": "auth.permission", "pk": 2, "fields": {"name": "Can change log entry", "content_type": 1, "codename": "change_logentry"}}, {"model": "auth.permission", "pk": 3, "fields": {"name": "Can delete log entry", "content_type": 1, "codename": "delete_logentry"}}, {"model": "auth.permission", "pk": 4, "fields": {"name": "Can view log entry", "content_type": 1, "codename": "view_logentry"}}, {"model": "auth.permission", "pk": 5, "fields": {"name": "Can add permission", "content_type": 2, "codename": "add_permission"}}, {"model": "auth.permission", "pk": 6, "fields": {"name": "Can change permission", "content_type": 2, "codename": "change_permission"}}, {"model": "auth.permission", "pk": 7, "fields": {"name": "Can delete permission", "content_type": 2, "codename": "delete_permission"}}, {"model": "auth.permission", "pk": 8, "fields": {"name": "Can view permission", "content_type": 2, "codename": "view_permission"}}, {"model": "auth.permission", "pk": 9, "fields": {"name": "Can add group", "content_type": 3, "codename": "add_group"}}, {"model": "auth.permission", "pk": 10, "fields": {"name": "Can change group", "content_type": 3, "codename": "change_group"}}, {"model": "auth.permission", "pk": 11, "fields": {"name": "Can delete group", "content_type": 3, "codename": "delete_group"}}, {"model": "auth.permission", "pk": 12, "fields": {"name": "Can view group", "content_type": 3, "codename": "view_group"}}, {"model": "auth.permission", "pk": 13, "fields": {"name": "Can add user", "content_type": 4, "codename": "add_user"}}, {"model": "auth.permission", "pk": 14, "fields": {"name": "Can change user", "content_type": 4, "codename": "change_user"}}, {"model": "auth.permission", "pk": 15, "fields": {"name": "Can delete user", "content_type": 4, "codename": "delete_user"}}, {"model": "auth.permission", "pk": 16, "fields": {"name": "Can view user", "content_type": 4, "codename": "view_user"}}, {"model": "auth.permission", "pk": 17, "fields": {"name": "Can add content type", "content_type": 5, "codename": "add_contenttype"}}, {"model": "auth.permission", "pk": 18, "fields": {"name": "Can change content type", "content_type": 5, "codename": "change_contenttype"}}, {"model": "auth.permission", "pk": 19, "fields": {"name": "Can delete content type", "content_type": 5, "codename": "delete_contenttype"}}, {"model": "auth.permission", "pk": 20, "fields": {"name": "Can view content type", "content_type": 5, "codename": "view_contenttype"}}, {"model": "auth.permission", "pk": 21, "fields": {"name": "Can add session", "content_type": 6, "codename": "add_session"}}, {"model": "auth.permission", "pk": 22, "fields": {"name": "Can change session", "content_type": 6, "codename": "change_session"}}, {"model": "auth.permission", "pk": 23, "fields": {"name": "Can delete session", "content_type": 6, "codename": "delete_session"}}, {"model": "auth.permission", "pk": 24, "fields": {"name": "Can view session", "content_type": 6, "codename": "view_session"}}, {"model": "auth.permission", "pk": 25, "fields": {"name": "Can add product category", "content_type": 7, "codename": "add_productcategory"}}, {"model": "auth.permission", "pk": 26, "fields": {"name": "Can change product category", "content_type": 7, "codename": "change_productcategory"}}, {"model": "auth.permission", "pk": 27, "fields": {"name": "Can delete product category", "content_type": 7, "codename": "delete_productcategory"}}, {"model": "auth.permission", "pk": 28, "fields": {"name": "Can view product category", "content_type": 7, "codename": "view_productcategory"}}, {"model": "auth.permission", "pk": 29, "fields": {"name": "Can add product", "content_type": 8, "codename": "add_product"}}, {"model": "auth.permission", "pk": 30, "fields": {"name": "Can change product", "content_type": 8, "codename": "change_product"}}, {"model": "auth.permission", "pk": 31, "fields": {"name": "Can delete product", "content_type": 8, "codename": "delete_product"}}, {"model": "auth.permission", "pk": 32, "fields": {"name": "Can view product", "content_type": 8, "codename": "view_product"}}, {"model": "auth.permission", "pk": 33, "fields": {"name": "Can add user", "content_type": 9, "codename": "add_user"}}, {"model": "auth.permission", "pk": 34, "fields": {"name": "Can change user", "content_type": 9, "codename": "change_user"}}, {"model": "auth.permission", "pk": 35, "fields": {"name": "Can delete user", "content_type": 9, "codename": "delete_user"}}, {"model": "auth.permission", "pk": 36, "fields": {"name": "Can view user", "content_type": 9, "codename": "view_user"}}, {"model": "auth.permission", "pk": 37, "fields": {"name": "Can add basket", "content_type": 10, "codename": "add_basket"}}, {"model": "auth.permission", "pk": 38, "fields": {"name": "Can change basket", "content_type": 10, "codename": "change_basket"}}, {"model": "auth.permission", "pk": 39, "fields": {"name": "Can delete basket", "content_type": 10, "codename": "delete_basket"}}, {"model": "auth.permission", "pk": 40, "fields": {"name": "Can view basket", "content_type": 10, "codename": "view_basket"}}, {"model": "contenttypes.contenttype", "pk": 1, "fields": {"app_label": "admin", "model": "logentry"}}, {"model": "contenttypes.contenttype", "pk": 2, "fields": {"app_label": "auth", "model": "permission"}}, {"model": "contenttypes.contenttype", "pk": 3, "fields": {"app_label": "auth", "model": "group"}}, {"model": "contenttypes.contenttype", "pk": 4, "fields": {"app_label": "auth", "model": "user"}}, {"model": "contenttypes.contenttype", "pk": 5, "fields": {"app_label": "contenttypes", "model": "contenttype"}}, {"model": "contenttypes.contenttype", "pk": 6, "fields": {"app_label": "sessions", "model": "session"}}, {"model": "contenttypes.contenttype", "pk": 7, "fields": {"app_label": "products", "model": "productcategory"}}, {"model": "contenttypes.contenttype", "pk": 8, "fields": {"app_label": "products", "model": "product"}}, {"model": "contenttypes.contenttype", "pk": 9, "fields": {"app_label": "users", "model": "user"}}, {"model": "contenttypes.contenttype", "pk": 10, "fields": {"app_label": "products", "model": "basket"}}, {"model": "sessions.session", "pk": "4f3k58hfv46gsiqy72ywfcs9dasn9w9v", "fields": {"session_data": ".eJxVjDkOwjAUBe_iGlm2gxco6TlD9DfjALKlOKkQd4dIKaB9M_NeaoR1KePaZR4nVmdl1eF3Q6CH1A3wHeqtaWp1mSfUm6J32vW1sTwvu_t3UKCXbw0GPHtIJ46M3pjAfAQ7kIk2BI_Becw5iyN2KWbhbFPCgaIAJLZC6v0B_GI5Gw:1u5Rxi:BellwnQi9yyIVi8sFSqCjEhQ9X3yRnZEuHBxgtzrG-8", "expire_date": "2025-05-01T16:19:38.523Z"}}, {"model": "sessions.session", "pk": "5i9xa1sf9e07o383jdbvtuide1real7e", "fields": {"session_data": ".eJxVjM0OwiAQhN-FsyH8yNJ69O4zkGUXpGpoUtqT8d0tSQ96mUzm-zJvEXBbS9haWsLE4iJAnH63iPRMtQN-YL3Pkua6LlOUXZEHbfI2c3pdD_fvoGAr_dbkAfKeWpEiUNENnJNPnHQewbhovUIFyPrsRt4LkYdsmEGTtcaKzxftKjf9:1uI40s:pPY5mFKGPUD-eTHzF2XSAZM25cc5yG1I2f9TTGBgFW0", "expire_date": "2025-06-05T11:23:02.137Z"}}, {"model": "sessions.session", "pk": "5rl3b4pdt5k3qq0nnl1lyx8ktxa892gy", "fields": {"session_data": ".eJxVjM0OwiAQhN-FsyH8yNJ69O4zkGUXpGpoUtqT8d0tSQ96mUzm-zJvEXBbS9haWsLE4iJAnH63iPRMtQN-YL3Pkua6LlOUXZEHbfI2c3pdD_fvoGAr_dbkAfKeWpEiUNENnJNPnHQewbhovUIFyPrsRt4LkYdsmEGTtcaKzxftKjf9:1uI4Si:uaikRTCW2PjCUmqgHsMW8OcSYKtKsIyblZfmgcbUVI4", "expire_date": "2025-06-05T11:51:48.345Z"}}, {"model": "sessions.session", "pk": "anpgkjj8xqexg4ewkn3oon65dw4v851u", "fields": {"session_data": ".eJxVjM0OwiAQhN-FsyH8yNJ69O4zkGUXpGpoUtqT8d0tSQ96mUzm-zJvEXBbS9haWsLE4iJAnH63iPRMtQN-YL3Pkua6LlOUXZEHbfI2c3pdD_fvoGAr_dbkAfKeWpEiUNENnJNPnHQewbhovUIFyPrsRt4LkYdsmEGTtcaKzxftKjf9:1uJUfJ:eL2yyapQq2rgrhG5cH-7kPjQJHSyqanlyB2t8EWRKtA", "expire_date": "2025-06-09T10:02:41.338Z"}}, {"model": "sessions.session", "pk": "dj15s1dmy50c0o47dhxg4a1y0b1kiarb", "fields": {"session_data": ".eJxVjEsOwjAMBe-SNYoSuW4cluw5Q5XENi2gROpnhbg7VOoCtm9m3ssMaVvHYVtkHiY2Z-PN6XfLqTyk7oDvqd6aLa2u85TtrtiDLvbaWJ6Xw_07GNMyfuvgqCPBXhBFVIk4euBIPWDQDC5D6bscyKOTSMoaSlROHrIjUETz_gDaUzfR:1u7ZE9:qB1dihlO0V4lhhu9c8fxXc3xZ8CCWkl-Hd-tL7vDW7Y", "expire_date": "2025-05-07T12:29:21.677Z"}}, {"model": "sessions.session", "pk": "iinfx0e91zuqnbw7otb6wx3xacyjl18x", "fields": {"session_data": ".eJxVjMsOwiAQRf-FtSHA8HTp3m8gzABSNTQp7cr479qkC93ec859sZi2tcVtlCVOmZ2ZZKffDRM9St9Bvqd-mznNfV0m5LvCDzr4dc7leTncv4OWRvvWVUgSWlZTED2AUE6SdwI1kK2KnJGgSgiSrDIKRbDeQkGgjEpbbYG9P8RONtE:1u8iCj:nBVLa9IXXJqhqbDMFV78hRN4E8Q5aVHJcS8TstRgZl4", "expire_date": "2025-05-10T16:16:37.419Z"}}, {"model": "sessions.session", "pk": "kh9r63pjxqkgbynk3vxeahil6cybetmt", "fields": {"session_data": ".eJxVjEEOwiAQRe_C2hAHCliX7j0DmRkGqRpISrsy3l2bdKHb_977LxVxXUpcu8xxSuqsgjr8boT8kLqBdMd6a5pbXeaJ9KbonXZ9bUmel939OyjYy7eGQGhIMKNxWVBGORHICH5wOYXExAjW-6MTYEdswCVDEMSSsHUDqPcHIsk5Cw:1uMA8X:FYsx0oH57xX3ExeK0EZYlsoNdPxzfasmr6ZSLgrCmas", "expire_date": "2025-06-16T18:43:53.181Z"}}, {"model": "sessions.session", "pk": "tbg9k6fhtq8sl7t94ymmi1a1t06gfywc", "fields": {"session_data": ".eJxVjEEOwiAQRe_C2hAHCliX7j0DmRkGqRpISrsy3l2bdKHb_977LxVxXUpcu8xxSuqsgjr8boT8kLqBdMd6a5pbXeaJ9KbonXZ9bUmel939OyjYy7eGQGhIMKNxWVBGORHICH5wOYXExAjW-6MTYEdswCVDEMSSsHUDqPcHIsk5Cw:1uI9Vh:62sftVXTHq86NOqP0rid0ROY9QViuADHg_TBIdAjTho", "expire_date": "2025-06-05T17:15:13.139Z"}}, {"model": "sessions.session", "pk": "w4ewx8ruabow0j9y6oeh3kxr02oqyffm", "fields": {"session_data": ".eJxVjMEOwiAQRP-FsyFAaRc8eu83EHZZpGpoUtqT8d9tkx40mdO8N_MWIW5rCVvjJUxJXIUWl98OIz25HiA9Yr3Pkua6LhPKQ5EnbXKcE79up_t3UGIr-5qyQe_Yq8QGfHLsjCUcOrA9ctagerCUcjZ7IHpCAD0orxVx9Ng58fkC-G44TQ:1uMUNn:450wvU4SuwlJRJPUw2TRzZODioofPO-701Qlkrjafa8", "expire_date": "2025-06-17T16:20:59.490Z"}}, {"model": "sessions.session", "pk": "xo2i0clcncnbd1sk4iwt9xy57hik45l3", "fields": {"session_data": ".eJxVjDEOAiEQRe9CbYgMgmBpv2cgAzPIqoFk2a2Md1eSLbT6yXsv_yUCbmsJW-clzCQuQonDL4uYHlyHoDvWW5Op1XWZoxyJ3G2XUyN-Xvf276BgL-MWABUrTMQunxENW9JHbQAyGQtsnPFWn1RC8t5BjmMoOf4yohzF-wPtnjhs:1u9p7I:cln3ynR2Ntweh204CzYHds-I8udA5_S0WuoxUMp2cSI", "expire_date": "2025-05-13T17:51:36.488Z"}}, {"model": "products.productcategory", "pk": 1, "fields": {"name": "Хлебобулочные изделия", "description": "Хлебобулочные изделия"}}, {"model": "products.productcategory", "pk": 2, "fields": {"name": "Молочная продукция", "description": ""}}, {"model": "products.productcategory", "pk": 3, "fields": {"name": "Мясная продукция", "description": ""}}, {"model": "products.productcategory", "pk": 4, "fields": {"name": "Мокоронные изделия", "description": ""}}, {"model": "products.productcategory", "pk": 5, "fields": {"name": "Консервы", "description": ""}}, {"model": "products.productcategory", "pk": 6, "fields": {"name": "Овощи", "description": ""}}, {"model": "products.productcategory", "pk": 7, "fields": {"name": "Фрукты", "description": ""}}, {"model": "products.productcategory", "pk": 8, "fields": {"name": "Орехи", "description": ""}}, {"model": "products.productcategory", "pk": 9, "fields": {"name": "Чаи", "description": ""}}, {"model": "products.productcategory", "pk": 10, "fields": {"name": "Кофе", "description": ""}}, {"model": "products.productcategory", "pk": 11, "fields": {"name": "Мука", "description": ""}}, {"model": "products.productcategory", "pk": 12, "fields": {"name": "Ягоды замороженные", "description": ""}}, {"model": "products.productcategory", "pk": 13, "fields": {"name": "Ягоды свежие", "description": ""}}, {"model": "products.productcategory", "pk": 14, "fields": {"name": "Конфеты", "description": ""}}, {"model": "products.productcategory", "pk": 15, "fields": {"name": "Кондитерские изделия", "description": ""}}, {"model": "products.productcategory", "pk": 16, "fields": {"name": "Газировка", "description": ""}}, {"model": "products.productcategory", "pk": 17, "fields": {"name": "Пиво", "description": ""}}, {"model": "products.productcategory", "pk": 18, "fields": {"name": "Водка", "description": ""}}, {"model": "products.productcategory", "pk": 19, "fields": {"name": "Коньяки", "description": ""}}, {"model": "products.productcategory", "pk": 20, "fields": {"name": "Винная продукция", "description": ""}}, {"model": "products.product", "pk": 1, "fields": {"name": "Белый хлеб", "image": "product_media/белый_хлеб.png", "short_description": "Сделай себе подарок", "description": "description", "price": "60.00", "quantity": 6, "category": 1, "manufacturer_country": "РФ", "manufacturer": "ООО \"Русь\"", "specificity": "Хлеб", "brand": "Коломенский", "packing_type": "Целлофан", "material_type": "Поллиэтилен", "size": "10х20х15", "composition": "Мука пшеничная", "kilocalories": "1244.0", "kilojoule": 1234, "fats": "23.0", "carbs": "24.0", "proteins": "14.0", "storage_conditions": "от +2℃ до +5℃", "recommendations": "Употреблять свежим", "rating": "0.0"}}, {"model": "products.product", "pk": 2, "fields": {"name": "Хлеб Черный Дарницкий", "image": "product_media/черный_хлеб.jpg", "short_description": "", "description": "description", "price": "50.00", "quantity": 6, "category": 1, "manufacturer_country": "РФ", "manufacturer": "ООО \"Рога и Копыта\"", "specificity": "Хлеб из ржаной муки", "brand": "Кукуево", "packing_type": "Пакет целлофановый", "material_type": "Полиэтилен", "size": "10х20х15", "composition": "Мука ржаная, соль, вода, дрожи", "kilocalories": "21.0", "kilojoule": 123, "fats": "23.0", "carbs": "155.0", "proteins": "14.0", "storage_conditions": "от 0℃ до +20℃", "recommendations": "Употреблять свежим", "rating": "0.0"}}, {"model": "products.product", "pk": 3, "fields": {"name": "Булочки с маком", "image": "product_media/булочки_с_маком.jpg", "short_description": "", "description": "description", "price": "70.00", "quantity": 6, "category": 1, "manufacturer_country": "РФ", "manufacturer": "ООО \"Рога и Копыта\"", "specificity": "Мучные изделия", "brand": "Ермолино", "packing_type": "Пакет", "material_type": "Поллиэтилен", "size": "10х20х15", "composition": "Мука, дрожи, сахар, маргарин", "kilocalories": "1244.0", "kilojoule": 1245, "fats": "144.0", "carbs": "13.0", "proteins": "44.0", "storage_conditions": "от +2℃ до +5℃", "recommendations": "Употреблять свежим", "rating": "0.0"}}, {"model": "products.product", "pk": 4, "fields": {"name": "Хлеб цельнозерновой без муки", "image": "product_media/3fbe81879eb8b0c0.webp", "short_description": "", "description": "description", "price": "52.00", "quantity": 7, "category": 1, "manufacturer_country": "РФ", "manufacturer": "ООО \"Мичурино\"", "specificity": "Хлеб из ржаной муки", "brand": "Магнит", "packing_type": "Пакет целлофановый", "material_type": "Полиэтилен", "size": "10х20х15", "composition": "Мука ржаная, соль, вода, дрожи", "kilocalories": "323.0", "kilojoule": 233, "fats": "4.0", "carbs": "5.0", "proteins": "3.0", "storage_conditions": "от 0℃ до +20℃", "recommendations": "Употреблять свежим", "rating": "0.0"}}, {"model": "products.product", "pk": 5, "fields": {"name": "Батон с отрубями Коломенское", "image": "product_media/71daf73559e10cc49115f8dc39f4.webp", "short_description": "", "description": "description", "price": "52.00", "quantity": 6, "category": 1, "manufacturer_country": "РФ", "manufacturer": "ООО \"Микс\"", "specificity": "Хлеб", "brand": "Ряжский", "packing_type": "Пакет", "material_type": "Поллиэтилен", "size": "10х20х15", "composition": "Мука ржаная", "kilocalories": "1244.0", "kilojoule": 1323, "fats": "23.0", "carbs": "34.0", "proteins": "45.0", "storage_conditions": "от +2℃ до +5℃", "recommendations": "Употреблять свежим", "rating": "0.0"}}, {"model": "products.product", "pk": 6, "fields": {"name": "Хлеб \"Спельта\" цельнозерновой", "image": "product_media/661c88c11a04e.jpg", "short_description": "", "description": "description", "price": "53.00", "quantity": 6, "category": 1, "manufacturer_country": "РФ", "manufacturer": "ООО \"Рога и Копыта\"", "specificity": "Хлеб из ржаной муки", "brand": "Рогачёв", "packing_type": "Пакет целлофановый", "material_type": "Полиэтилен", "size": "10х20х15", "composition": "Мука ржаная, соль, вода, дрожи", "kilocalories": "34.0", "kilojoule": 23, "fats": "4.0", "carbs": "2.0", "proteins": "3.0", "storage_conditions": "от 0℃ до +20℃", "recommendations": "Употреблять свежим", "rating": "0.0"}}, {"model": "products.product", "pk": 7, "fields": {"name": "Хлеб для вкусного сендвича Harrys", "image": "product_media/726732_1670250866_f094c821-697b-4f38-806d-ccce4ab97669.jpg", "short_description": "", "description": "description", "price": "55.00", "quantity": 6, "category": 1, "manufacturer_country": "РФ", "manufacturer": "ООО \"Рига\"", "specificity": "Хлеб из ржаной муки", "brand": "Дудкино", "packing_type": "Пакет целлофановый", "material_type": "Полиэтилен", "size": "10х20х15", "composition": "Мука ржаная, соль, вода, дрожи", "kilocalories": "123.0", "kilojoule": 0, "fats": "24.0", "carbs": "4.0", "proteins": "4.0", "storage_conditions": "от 0℃ до +20℃", "recommendations": "Употреблять свежим", "rating": "0.0"}}, {"model": "products.product", "pk": 8, "fields": {"name": "Хлеб заварной Ржаной край Коломенское", "image": "product_media/100026650688b0.webp", "short_description": "", "description": "description", "price": "60.00", "quantity": 8, "category": 1, "manufacturer_country": "РФ", "manufacturer": "ООО \"Кулаков\"", "specificity": "Хлеб из ржаной муки", "brand": "Боткино", "packing_type": "Пакет целлофановый", "material_type": "Полиэтилен", "size": "10х20х15", "composition": "Мука ржаная, соль, вода, дрожи", "kilocalories": "123.0", "kilojoule": 244, "fats": "4.0", "carbs": "5.0", "proteins": "3.0", "storage_conditions": "от 0℃ до +20℃", "recommendations": "Употреблять свежим", "rating": "0.0"}}, {"model": "products.product", "pk": 9, "fields": {"name": "Хлеб бородинский бездрожжевой", "image": "product_media/100026674421b0.webp", "short_description": "", "description": "description", "price": "56.00", "quantity": 6, "category": 1, "manufacturer_country": "РФ", "manufacturer": "ООО \"Рога и Копыта\"", "specificity": "Хлеб из ржаной муки", "brand": "Рогачёв", "packing_type": "Пакет целлофановый", "material_type": "Полиэтилен", "size": "10х20х15", "composition": "Мука ржаная, соль, вода, дрожи", "kilocalories": "124.0", "kilojoule": 5, "fats": "354.0", "carbs": "5.0", "proteins": "5.0", "storage_conditions": "от 0℃ до +20℃", "recommendations": "Употреблять свежим", "rating": "0.0"}}, {"model": "products.product", "pk": 10, "fields": {"name": "Хлеб без муки Живое зерно цельнозерновой", "image": "product_media/100029549704b0.webp", "short_description": "", "description": "description", "price": "57.00", "quantity": 8, "category": 1, "manufacturer_country": "РФ", "manufacturer": "ООО \"Русь\"", "specificity": "Хлеб из ржаной муки", "brand": "Деревня", "packing_type": "Пакет целлофановый", "material_type": "Полиэтилен", "size": "10х20х15", "composition": "Мука ржаная, соль, вода, дрожи", "kilocalories": "34.0", "kilojoule": 234, "fats": "5.0", "carbs": "3.0", "proteins": "3.0", "storage_conditions": "от 0℃ до +20℃", "recommendations": "Употреблять свежим", "rating": "0.0"}}, {"model": "products.product", "pk": 11, "fields": {"name": "Хлеб покровский Диетический бездрожжевой", "image": "product_media/fbb0ccd7347189e84b6335f7b1bb.webp", "short_description": "", "description": "description", "price": "59.00", "quantity": 10, "category": 1, "manufacturer_country": "РФ", "manufacturer": "ООО \"Рога и Копыта\"", "specificity": "Хлеб из ржаной муки", "brand": "Нестеров", "packing_type": "Пакет целлофановый", "material_type": "Полиэтилен", "size": "10х20х15", "composition": "Мука ржаная, соль, вода, дрожи", "kilocalories": "123.0", "kilojoule": 232, "fats": "4.0", "carbs": "5.0", "proteins": "4.0", "storage_conditions": "от 0℃ до +20℃", "recommendations": "Употреблять свежим", "rating": "0.0"}}, {"model": "products.product", "pk": 12, "fields": {"name": "Хлебушек ДЕРЕВЕНСКИЙ Бездрожжевой", "image": "product_media/l5igms6ymc82217mp4e42yc6rnm2qwai.jpg", "short_description": "", "description": "description", "price": "48.00", "quantity": 7, "category": 1, "manufacturer_country": "РФ", "manufacturer": "ООО \"Рогаткин\"", "specificity": "Хлеб из ржаной муки", "brand": "Дуровский", "packing_type": "Пакет целлофановый", "material_type": "Полиэтилен", "size": "10х20х15", "composition": "Мука ржаная, соль, вода, дрожи", "kilocalories": "123.0", "kilojoule": 151, "fats": "5.0", "carbs": "3.0", "proteins": "2.0", "storage_conditions": "от 0℃ до +20℃", "recommendations": "Употреблять свежим", "rating": "0.0"}}, {"model": "products.product", "pk": 13, "fields": {"name": "Хлеб зерновой Ржаной край", "image": "product_media/orig.webp", "short_description": "", "description": "description", "price": "58.00", "quantity": 0, "category": 1, "manufacturer_country": "РФ", "manufacturer": "ООО \"Рога и Копыта\"", "specificity": "", "brand": "Рогачёв", "packing_type": "Пакет целлофановый", "material_type": "Полиэтилен", "size": "10х20х15", "composition": "Мука ржаная, соль, вода, дрожи", "kilocalories": "123.0", "kilojoule": 244, "fats": "4.0", "carbs": "3.0", "proteins": "4.0", "storage_conditions": "от 0℃ до +20℃", "recommendations": "Употреблять свежим", "rating": "0.0"}}, {"model": "products.product", "pk": 14, "fields": {"name": "Молоко \"Простоквашино\" 2.5% 1л", "image": "product_media/moloko1.png", "short_description": "", "description": "description", "price": "90.00", "quantity": 6, "category": 2, "manufacturer_country": "РФ", "manufacturer": "ООО \"Рога и Копыта\"", "specificity": "Хлеб из ржаной муки", "brand": "Простоквашино", "packing_type": "Пакет целлофановый", "material_type": "Полиэтилен", "size": "10х20х15", "composition": "Мука ржаная, соль, вода, дрожи", "kilocalories": "322.0", "kilojoule": 123, "fats": "3.0", "carbs": "4.0", "proteins": "4.0", "storage_conditions": "от 0℃ до +20℃", "recommendations": "Употреблять свежим", "rating": "0.0"}}, {"model": "products.product", "pk": 15, "fields": {"name": "Молоко \"Отбороное\"", "image": "product_media/moloko2.png", "short_description": "", "description": "description", "price": "95.00", "quantity": 6, "category": 2, "manufacturer_country": "РФ", "manufacturer": "ООО \"Рога и Копыта\"", "specificity": "Молоко", "brand": "У каждого своя деревня", "packing_type": "Бутылка ПЭТ", "material_type": "Пластик", "size": "10х20х15", "composition": "Цельное молоко", "kilocalories": "234.0", "kilojoule": 123, "fats": "5.0", "carbs": "5.0", "proteins": "4.0", "storage_conditions": "от +2℃ до +5℃", "recommendations": "Употреблять свежим", "rating": "0.0"}}, {"model": "products.product", "pk": 16, "fields": {"name": "Молоко \"Коровка\" 2.5% 1л", "image": "product_media/moloko3.jpg", "short_description": "", "description": "description", "price": "93.00", "quantity": 6, "category": 2, "manufacturer_country": "РФ", "manufacturer": "ООО \"Род\"", "specificity": "Молоко", "brand": "Коровка", "packing_type": "Бутылка ПЭТ", "material_type": "Пластик", "size": "Пластик", "composition": "Цельное молоко", "kilocalories": "124.0", "kilojoule": 1425, "fats": "3.0", "carbs": "5.0", "proteins": "3.0", "storage_conditions": "от +2℃ до +5℃", "recommendations": "Употреблять свежим", "rating": "0.0"}}, {"model": "products.product", "pk": 17, "fields": {"name": "Молоко \"Чудское озеро\" 2.5% 1л", "image": "product_media/moloko4.jpg", "short_description": "", "description": "description", "price": "92.00", "quantity": 6, "category": 2, "manufacturer_country": "РФ", "manufacturer": "ООО \"Черешня\"", "specificity": "Хлеб из ржаной муки", "brand": "Коломенское", "packing_type": "Пакет целлофановый", "material_type": "Полиэтилен", "size": "10х20х15", "composition": "Мука ржаная, соль, вода, дрожи", "kilocalories": "42.0", "kilojoule": 124, "fats": "3.0", "carbs": "12.0", "proteins": "4.0", "storage_conditions": "от 0℃ до +20℃", "recommendations": "Употреблять свежим", "rating": "0.0"}}, {"model": "products.basket", "pk": 236, "fields": {"user": 6, "product": 5, "quantity": 3, "created_timestamp": "2025-06-02T19:01:57.972Z"}}, {"model": "products.basket", "pk": 237, "fields": {"user": 6, "product": 6, "quantity": 1, "created_timestamp": "2025-06-02T19:02:12.634Z"}}, {"model": "products.basket", "pk": 238, "fields": {"user": 6, "product": 6, "quantity": 1, "created_timestamp": "2025-06-02T19:02:12.635Z"}}, {"model": "products.basket", "pk": 239, "fields": {"user": 6, "product": 4, "quantity": 1, "created_timestamp": "2025-06-02T19:02:17.388Z"}}, {"model": "products.basket", "pk": 240, "fields": {"user": 6, "product": 4, "quantity": 1, "created_timestamp": "2025-06-02T19:02:17.391Z"}}, {"model": "products.basket", "pk": 333, "fields": {"user": 7, "product": 15, "quantity": 1, "created_timestamp": "2025-06-04T16:01:28.874Z"}}, {"model": "products.basket", "pk": 334, "fields": {"user": 7, "product": 14, "quantity": 1, "created_timestamp": "2025-06-04T16:01:30.684Z"}}, {"model": "products.basket", "pk": 335, "fields": {"user": 7, "product": 16, "quantity": 3, "created_timestamp": "2025-06-04T16:01:31.933Z"}}, {"model": "products.basket", "pk": 336, "fields": {"user": 7, "product": 2, "quantity": 1, "created_timestamp": "2025-06-04T18:28:29.701Z"}}, {"model": "users.user", "pk": 1, "fields": {"password": "pbkdf2_sha256$1000000$upCvO7kQARxnuY5IXC7nsa$+IoK0/26b1Q3cCTlR4IQsp6PHyRQtxP833IZVTvByH8=", "last_login": "2025-06-03T16:20:59.347Z", "is_superuser": true, "username": "admins", "first_name": "", "last_name": "", "email": "", "is_staff": true, "is_active": true, "date_joined": "2025-04-15T16:43:35.807Z", "image": "", "groups": [], "user_permissions": []}}, {"model": "users.user", "pk": 2, "fields": {"password": "pbkdf2_sha256$1000000$J9zNjcsFOWHNnK4Edd5cqG$8AvcogFVIB6koXkbXfnSfeBUGTIvdSv+mW6+ouZjEOw=", "last_login": "2025-05-17T09:32:09.303Z", "is_superuser": false, "username": "garik", "first_name": "oleg", "last_name": "pupkin", "email": "oleg_luki@mail.ru", "is_staff": false, "is_active": true, "date_joined": "2025-05-17T09:31:57.547Z", "image": "", "groups": [], "user_permissions": []}}, {"model": "users.user", "pk": 3, "fields": {"password": "pbkdf2_sha256$1000000$dHbJMgof68czTsJGLggvTJ$1zbliYBMKRqjIZhULzLXNpJ1iKvMo3jCp/wqx7LWA00=", "last_login": null, "is_superuser": false, "username": "qqq", "first_name": "oleg", "last_name": "Лукашов", "email": "oleg_luki@mail.ru", "is_staff": false, "is_active": true, "date_joined": "2025-05-17T18:00:59.300Z", "image": "", "groups": [], "user_permissions": []}}, {"model": "users.user", "pk": 4, "fields": {"password": "pbkdf2_sha256$1000000$mzBMotnRs6b3l2aRchFoCJ$sUU1xHP0l4tr+8pW+JfPpIih4tv97pprIQpSWG4x1xc=", "last_login": "2025-05-20T18:29:46.810Z", "is_superuser": false, "username": "alex22", "first_name": "Alex", "last_name": "Pupkin", "email": "alex@mail.ru", "is_staff": false, "is_active": true, "date_joined": "2025-05-20T17:02:13Z", "image": "users_images/20211114_182220_EspMHNq.jpg", "groups": [], "user_permissions": []}}, {"model": "users.user", "pk": 5, "fields": {"password": "pbkdf2_sha256$1000000$OUsU9VK3HWBz0F32fjWWFD$26UNbk2KdVJS0hm6q8MjjuamCpSCz3YVcSn/9yvXEFc=", "last_login": null, "is_superuser": false, "username": "oleg1", "first_name": "oleg1", "last_name": "Pupkin", "email": "alex@mail.ru", "is_staff": false, "is_active": true, "date_joined": "2025-05-22T06:22:34.922Z", "image": "", "groups": [], "user_permissions": []}}, {"model": "users.user", "pk": 6, "fields": {"password": "pbkdf2_sha256$1000000$dPNwrNqYNXAZJGk91waRec$ahtXxJqU+23hAwclcRse1M05AXSV5Tld97YpQPHUe2g=", "last_login": "2025-05-31T08:34:38.703Z", "is_superuser": false, "username": "oleg22", "first_name": "oleg", "last_name": "Pupkin", "email": "alex@mail.ru", "is_staff": false, "is_active": true, "date_joined": "2025-05-22T06:23:42.839Z", "image": "users_images/20240311_102857_wPyEwVl.jpg", "groups": [], "user_permissions": []}}, {"model": "users.user", "pk": 7, "fields": {"password": "pbkdf2_sha256$1000000$e8jS2jqC5o6lIGKYLAvyMd$7mYmmiZhEwF4N4ygur9zXG99GHL+4GbMXe/EUBolcIo=", "last_login": "2025-06-02T18:43:53.086Z", "is_superuser": false, "username": "oleg12345678901234567890", "first_name": "oleg", "last_name": "Pupkin343", "email": "alex@mail.ru", "is_staff": false, "is_active": true, "date_joined": "2025-05-22T11:52:32.492Z", "image": "", "groups": [], "user_permissions": []}}]